name,success,CLOCK_CYCLES_1ST
128CA0L0AB0M0C0E,SUCCESS,53
128CA0L0AB0M1C0E,SUCCESS,61
128CA0L0AB1M0C0E,SUCCESS,61
128CA0L0AB1M1C0E,SUCCESS,76
128CA0L0AB0M0C1E,SUCCESS,60
128CA0L0AB0M1C1E,SUCCESS,68
128CA0L0AB1M0C1E,SUCCESS,68
128CA0L0AB1M1C1E,SUCCESS,83
128CA1L0AB0M0C1E,SUCCESS,53
128CA1L0AB0M1C1E,SUCCESS,61
128CA1L0AB1M0C1E,SUCCESS,61
128CA1L0AB1M1C1E,SUCCESS,76
128CA0L0AB0M0C0F,SUCCESS,53
128CA0L0AB0M1C0F,SUCCESS,61
128CA0L0AB1M0C0F,SUCCESS,61
128CA0L0AB1M1C0F,SUCCESS,76
128CA0L0AB0M0C1F,SUCCESS,60
128CA0L0AB0M1C1F,SUCCESS,68
128CA0L0AB1M0C1F,SUCCESS,68
128CA0L0AB1M1C1F,SUCCESS,83
128CA1L0AB0M0C1F,SUCCESS,54
128CA1L0AB0M1C1F,SUCCESS,62
128CA1L0AB1M0C1F,SUCCESS,62
128CA1L0AB1M1C1F,SUCCESS,78
256CA0L0AB0M0C0E,SUCCESS,109
256CA0L0AB0M1C0E,SUCCESS,125
256CA0L0AB1M0C0E,SUCCESS,125
256CA0L0AB1M1C0E,SUCCESS,156
256CA0L0AB0M0C1E,SUCCESS,124
256CA0L0AB0M1C1E,SUCCESS,140
256CA0L0AB1M0C1E,SUCCESS,140
256CA0L0AB1M1C1E,SUCCESS,171
256CA1L0AB0M0C1E,SUCCESS,109
256CA1L0AB0M1C1E,SUCCESS,125
256CA1L0AB1M0C1E,SUCCESS,125
256CA1L0AB1M1C1E,SUCCESS,156
256CA0L0AB0M0C0F,SUCCESS,109
256CA0L0AB0M1C0F,SUCCESS,125
256CA0L0AB1M0C0F,SUCCESS,125
145CA0L0AB0M0C0E,SUCCESS,60
145CA0L0AB0M1C0E,SUCCESS,69
145CA0L0AB1M0C0E,SUCCESS,69
145CA0L0AB1M1C0E,SUCCESS,86
145CA0L0AB0M0C1E,SUCCESS,68
145CA0L0AB0M1C1E,SUCCESS,77
145CA0L0AB1M0C1E,SUCCESS,77
145CA0L0AB1M1C1E,SUCCESS,94
145CA1L0AB0M0C1E,SUCCESS,60
145CA1L0AB0M1C1E,SUCCESS,69
145CA1L0AB1M0C1E,SUCCESS,69
145CA1L0AB1M1C1E,SUCCESS,86
145CA0L0AB0M0C0F,SUCCESS,60
145CA0L0AB0M1C0F,SUCCESS,69
145CA0L0AB1M0C0F,SUCCESS,69
145CA0L0AB1M1C0F,SUCCESS,86
145CA0L0AB0M0C1F,SUCCESS,68
145CA0L0AB0M1C1F,SUCCESS,77
145CA0L0AB1M0C1F,SUCCESS,77
145CA0L0AB1M1C1F,SUCCESS,94
145CA1L0AB0M0C1F,SUCCESS,61
145CA1L0AB0M1C1F,SUCCESS,71
145CA1L0AB1M0C1F,SUCCESS,71
145CA1L0AB1M1C1F,SUCCESS,88
162CA0L0AB0M0C0E,SUCCESS,67
162CA0L0AB0M1C0E,SUCCESS,77
162CA0L0AB1M0C0E,SUCCESS,77
162CA0L0AB1M1C0E,SUCCESS,96
162CA0L0AB0M0C1E,SUCCESS,76
162CA0L0AB0M1C1E,SUCCESS,86
162CA0L0AB1M0C1E,SUCCESS,86
162CA0L0AB1M1C1E,SUCCESS,105
162CA1L0AB0M0C1E,SUCCESS,67
162CA1L0AB0M1C1E,SUCCESS,77
162CA1L0AB1M0C1E,SUCCESS,77
162CA1L0AB1M1C1E,SUCCESS,96
162CA0L0AB0M0C0F,SUCCESS,67
162CA0L0AB0M1C0F,SUCCESS,77
162CA0L0AB1M0C0F,SUCCESS,77
162CA0L0AB1M1C0F,SUCCESS,96
162CA0L0AB0M0C1F,SUCCESS,76
162CA0L0AB0M1C1F,SUCCESS,86
162CA0L0AB1M0C1F,SUCCESS,86
162CA0L0AB1M1C1F,SUCCESS,105
162CA1L0AB0M0C1F,SUCCESS,68
162CA1L0AB0M1C1F,SUCCESS,79
162CA1L0AB1M0C1F,SUCCESS,79
162CA1L0AB1M1C1F,SUCCESS,98
179CA0L0AB0M0C0E,SUCCESS,74
179CA0L0AB0M1C0E,SUCCESS,85
179CA0L0AB1M0C0E,SUCCESS,85
179CA0L0AB1M1C0E,SUCCESS,106
179CA0L0AB0M0C1E,SUCCESS,84
179CA0L0AB0M1C1E,SUCCESS,95
179CA0L0AB1M0C1E,SUCCESS,95
179CA0L0AB1M1C1E,SUCCESS,116
179CA1L0AB0M0C1E,SUCCESS,74
179CA1L0AB0M1C1E,SUCCESS,85
179CA1L0AB1M0C1E,SUCCESS,85
179CA1L0AB1M1C1E,SUCCESS,106
179CA0L0AB0M0C0F,SUCCESS,74
179CA0L0AB0M1C0F,SUCCESS,85
179CA0L0AB1M0C0F,SUCCESS,85
179CA0L0AB1M1C0F,SUCCESS,106
179CA0L0AB0M0C1F,SUCCESS,84
179CA0L0AB0M1C1F,SUCCESS,95
179CA0L0AB1M0C1F,SUCCESS,95
179CA0L0AB1M1C1F,SUCCESS,116
179CA1L0AB0M0C1F,SUCCESS,76
179CA1L0AB0M1C1F,SUCCESS,87
179CA1L0AB1M0C1F,SUCCESS,87
179CA1L0AB1M1C1F,SUCCESS,108
196CA0L0AB0M0C0E,SUCCESS,81
196CA0L0AB0M1C0E,SUCCESS,93
196CA0L0AB1M0C0E,SUCCESS,93
196CA0L0AB1M1C0E,SUCCESS,116
196CA0L0AB0M0C1E,SUCCESS,92
196CA0L0AB0M1C1E,SUCCESS,104
196CA0L0AB1M0C1E,SUCCESS,104
196CA0L0AB1M1C1E,SUCCESS,127
196CA1L0AB0M0C1E,SUCCESS,81
196CA1L0AB0M1C1E,SUCCESS,93
196CA1L0AB1M0C1E,SUCCESS,93
196CA1L0AB1M1C1E,SUCCESS,116
196CA0L0AB0M0C0F,SUCCESS,81
196CA0L0AB0M1C0F,SUCCESS,93
196CA0L0AB1M0C0F,SUCCESS,93
196CA0L0AB1M1C0F,SUCCESS,116
196CA0L0AB0M0C1F,SUCCESS,92
196CA0L0AB0M1C1F,SUCCESS,104
196CA0L0AB1M0C1F,SUCCESS,104
196CA0L0AB1M1C1F,SUCCESS,127
196CA1L0AB0M0C1F,SUCCESS,82
196CA1L0AB0M1C1F,SUCCESS,95
196CA1L0AB1M0C1F,SUCCESS,95
196CA1L0AB1M1C1F,SUCCESS,118
213CA0L0AB0M0C0E,SUCCESS,88
213CA0L0AB0M1C0E,SUCCESS,101
213CA0L0AB1M0C0E,SUCCESS,101
213CA0L0AB1M1C0E,SUCCESS,126
213CA0L0AB0M0C1E,SUCCESS,100
213CA0L0AB0M1C1E,SUCCESS,113
213CA0L0AB1M0C1E,SUCCESS,113
213CA0L0AB1M1C1E,SUCCESS,138
213CA1L0AB0M0C1E,SUCCESS,88
213CA1L0AB0M1C1E,SUCCESS,101
213CA1L0AB1M0C1E,SUCCESS,101
213CA1L0AB1M1C1E,SUCCESS,126
213CA0L0AB0M0C0F,SUCCESS,88
213CA0L0AB0M1C0F,SUCCESS,101
213CA0L0AB1M0C0F,SUCCESS,101
213CA0L0AB1M1C0F,SUCCESS,126
213CA0L0AB0M0C1F,SUCCESS,100
213CA0L0AB0M1C1F,SUCCESS,113
213CA0L0AB1M0C1F,SUCCESS,113
213CA0L0AB1M1C1F,SUCCESS,138
213CA1L0AB0M0C1F,SUCCESS,90
213CA1L0AB0M1C1F,SUCCESS,103
213CA1L0AB1M0C1F,SUCCESS,103
213CA1L0AB1M1C1F,SUCCESS,129
230CA0L0AB0M0C0E,SUCCESS,95
230CA0L0AB0M1C0E,SUCCESS,109
230CA0L0AB1M0C0E,SUCCESS,109
230CA0L0AB1M1C0E,SUCCESS,136
230CA0L0AB0M0C1E,SUCCESS,108
230CA0L0AB0M1C1E,SUCCESS,122
230CA0L0AB1M0C1E,SUCCESS,122
230CA0L0AB1M1C1E,SUCCESS,149
230CA1L0AB0M0C1E,SUCCESS,95
230CA1L0AB0M1C1E,SUCCESS,109
230CA1L0AB1M0C1E,SUCCESS,109
230CA1L0AB1M1C1E,SUCCESS,136
230CA0L0AB0M0C0F,SUCCESS,95
230CA0L0AB0M1C0F,SUCCESS,109
230CA0L0AB1M0C0F,SUCCESS,109
230CA0L0AB1M1C0F,SUCCESS,136
230CA0L0AB0M0C1F,SUCCESS,108
230CA0L0AB0M1C1F,SUCCESS,122
230CA0L0AB1M0C1F,SUCCESS,122
230CA0L0AB1M1C1F,SUCCESS,149
230CA1L0AB0M0C1F,SUCCESS,96
230CA1L0AB0M1C1F,SUCCESS,111
230CA1L0AB1M0C1F,SUCCESS,111
230CA1L0AB1M1C1F,SUCCESS,138
247CA0L0AB0M0C0E,SUCCESS,102
247CA0L0AB0M1C0E,SUCCESS,117
247CA0L0AB1M0C0E,SUCCESS,117
247CA0L0AB1M1C0E,SUCCESS,146
247CA0L0AB0M0C1E,SUCCESS,116
247CA0L0AB0M1C1E,SUCCESS,131
247CA0L0AB1M0C1E,SUCCESS,131
247CA0L0AB1M1C1E,SUCCESS,160
247CA1L0AB0M0C1E,SUCCESS,102
247CA1L0AB0M1C1E,SUCCESS,117
247CA1L0AB1M0C1E,SUCCESS,117
247CA1L0AB1M1C1E,SUCCESS,146
247CA0L0AB0M0C0F,SUCCESS,102
247CA0L0AB0M1C0F,SUCCESS,117
247CA0L0AB1M0C0F,SUCCESS,117
247CA0L0AB1M1C0F,SUCCESS,146
247CA0L0AB0M0C1F,SUCCESS,116
247CA0L0AB0M1C1F,SUCCESS,131
247CA0L0AB1M0C1F,SUCCESS,131
247CA0L0AB1M1C1F,SUCCESS,160
247CA1L0AB0M0C1F,SUCCESS,104
247CA1L0AB0M1C1F,SUCCESS,119
247CA1L0AB1M0C1F,SUCCESS,119
247CA1L0AB1M1C1F,SUCCESS,148
264CA0L0AB0M0C0E,SUCCESS,109
264CA0L0AB0M1C0E,SUCCESS,125
264CA0L0AB1M0C0E,SUCCESS,125
264CA0L0AB1M1C0E,SUCCESS,156
264CA0L0AB0M0C1E,SUCCESS,124
264CA0L0AB0M1C1E,SUCCESS,140
264CA0L0AB1M0C1E,SUCCESS,140
264CA0L0AB1M1C1E,SUCCESS,171
264CA1L0AB0M0C1E,SUCCESS,109
264CA1L0AB0M1C1E,SUCCESS,125
264CA1L0AB1M0C1E,SUCCESS,125
264CA1L0AB1M1C1E,SUCCESS,156
264CA0L0AB0M0C0F,SUCCESS,109
264CA0L0AB0M1C0F,SUCCESS,125
264CA0L0AB1M0C0F,SUCCESS,125
264CA0L0AB1M1C0F,SUCCESS,156
264CA0L0AB0M0C1F,SUCCESS,124
264CA0L0AB0M1C1F,SUCCESS,140
264CA0L0AB1M0C1F,SUCCESS,140
264CA0L0AB1M1C1F,SUCCESS,171
264CA1L0AB0M0C1F,SUCCESS,111
264CA1L0AB0M1C1F,SUCCESS,127
264CA1L0AB1M0C1F,SUCCESS,127
264CA1L0AB1M1C1F,SUCCESS,159
281CA0L0AB0M0C0E,SUCCESS,116
281CA0L0AB0M1C0E,SUCCESS,133
281CA0L0AB1M0C0E,SUCCESS,133
281CA0L0AB1M1C0E,SUCCESS,166
281CA0L0AB0M0C1E,SUCCESS,132
281CA0L0AB0M1C1E,SUCCESS,149
281CA0L0AB1M0C1E,SUCCESS,149
281CA0L0AB1M1C1E,SUCCESS,182
281CA1L0AB0M0C1E,SUCCESS,116
281CA1L0AB0M1C1E,SUCCESS,133
281CA1L0AB1M0C1E,SUCCESS,133
281CA1L0AB1M1C1E,SUCCESS,166
281CA0L0AB0M0C0F,SUCCESS,116
281CA0L0AB0M1C0F,SUCCESS,133
281CA0L0AB1M0C0F,SUCCESS,133
281CA0L0AB1M1C0F,SUCCESS,166
281CA0L0AB0M0C1F,SUCCESS,132
281CA0L0AB0M1C1F,SUCCESS,149
281CA0L0AB1M0C1F,SUCCESS,149
281CA0L0AB1M1C1F,SUCCESS,182
281CA1L0AB0M0C1F,SUCCESS,118
281CA1L0AB0M1C1F,SUCCESS,135
281CA1L0AB1M0C1F,SUCCESS,135
281CA1L0AB1M1C1F,SUCCESS,169
298CA0L0AB0M0C0E,SUCCESS,123
298CA0L0AB0M1C0E,SUCCESS,141
298CA0L0AB1M0C0E,SUCCESS,141
298CA0L0AB1M1C0E,SUCCESS,176
298CA0L0AB0M0C1E,SUCCESS,140
298CA0L0AB0M1C1E,SUCCESS,158
298CA0L0AB1M0C1E,SUCCESS,158
298CA0L0AB1M1C1E,SUCCESS,193
298CA1L0AB0M0C1E,SUCCESS,123
298CA1L0AB0M1C1E,SUCCESS,141
298CA1L0AB1M0C1E,SUCCESS,141
298CA1L0AB1M1C1E,SUCCESS,176
298CA0L0AB0M0C0F,SUCCESS,123
298CA0L0AB0M1C0F,SUCCESS,141
298CA0L0AB1M0C0F,SUCCESS,141
298CA0L0AB1M1C0F,SUCCESS,176
298CA0L0AB0M0C1F,SUCCESS,140
298CA0L0AB0M1C1F,SUCCESS,158
298CA0L0AB1M0C1F,SUCCESS,158
298CA0L0AB1M1C1F,SUCCESS,193
298CA1L0AB0M0C1F,SUCCESS,125
298CA1L0AB0M1C1F,SUCCESS,143
298CA1L0AB1M0C1F,SUCCESS,143
298CA1L0AB1M1C1F,SUCCESS,178
315CA0L0AB0M0C0E,SUCCESS,130
315CA0L0AB0M1C0E,SUCCESS,149
315CA0L0AB1M0C0E,SUCCESS,149
315CA0L0AB1M1C0E,SUCCESS,186
315CA0L0AB0M0C1E,SUCCESS,148
315CA0L0AB0M1C1E,SUCCESS,167
315CA0L0AB1M0C1E,SUCCESS,167
315CA0L0AB1M1C1E,SUCCESS,204
315CA1L0AB0M0C1E,SUCCESS,130
315CA1L0AB0M1C1E,SUCCESS,149
315CA1L0AB1M0C1E,SUCCESS,149
315CA1L0AB1M1C1E,SUCCESS,186
315CA0L0AB0M0C0F,SUCCESS,130
315CA0L0AB0M1C0F,SUCCESS,149
315CA0L0AB1M0C0F,SUCCESS,149
315CA0L0AB1M1C0F,SUCCESS,186
315CA0L0AB0M0C1F,SUCCESS,148
315CA0L0AB0M1C1F,SUCCESS,167
315CA0L0AB1M0C1F,SUCCESS,167
315CA0L0AB1M1C1F,SUCCESS,204
315CA1L0AB0M0C1F,SUCCESS,132
315CA1L0AB0M1C1F,SUCCESS,151
315CA1L0AB1M0C1F,SUCCESS,151
315CA1L0AB1M1C1F,SUCCESS,189
332CA0L0AB0M0C0E,SUCCESS,137
332CA0L0AB0M1C0E,SUCCESS,157
332CA0L0AB1M0C0E,SUCCESS,157
332CA0L0AB1M1C0E,SUCCESS,196
332CA0L0AB0M0C1E,SUCCESS,156
332CA0L0AB0M1C1E,SUCCESS,176
332CA0L0AB1M0C1E,SUCCESS,176
332CA0L0AB1M1C1E,SUCCESS,215
332CA1L0AB0M0C1E,SUCCESS,137
332CA1L0AB0M1C1E,SUCCESS,157
332CA1L0AB1M0C1E,SUCCESS,157
332CA1L0AB1M1C1E,SUCCESS,196
332CA0L0AB0M0C0F,SUCCESS,137
332CA0L0AB0M1C0F,SUCCESS,157
332CA0L0AB1M0C0F,SUCCESS,157
332CA0L0AB1M1C0F,SUCCESS,196
332CA0L0AB0M0C1F,SUCCESS,156
332CA0L0AB0M1C1F,SUCCESS,176
332CA0L0AB1M0C1F,SUCCESS,176
332CA0L0AB1M1C1F,SUCCESS,215
332CA1L0AB0M0C1F,SUCCESS,139
332CA1L0AB0M1C1F,SUCCESS,159
332CA1L0AB1M0C1F,SUCCESS,159
332CA1L0AB1M1C1F,SUCCESS,199
349CA0L0AB0M0C0E,SUCCESS,144
349CA0L0AB0M1C0E,SUCCESS,165
349CA0L0AB1M0C0E,SUCCESS,165
349CA0L0AB1M1C0E,SUCCESS,206
349CA0L0AB0M0C1E,SUCCESS,164
349CA0L0AB0M1C1E,SUCCESS,185
349CA0L0AB1M0C1E,SUCCESS,185
349CA0L0AB1M1C1E,SUCCESS,226
349CA1L0AB0M0C1E,SUCCESS,144
349CA1L0AB0M1C1E,SUCCESS,165
349CA1L0AB1M0C1E,SUCCESS,165
349CA1L0AB1M1C1E,SUCCESS,206
349CA0L0AB0M0C0F,SUCCESS,144
349CA0L0AB0M1C0F,SUCCESS,165
349CA0L0AB1M0C0F,SUCCESS,165
349CA0L0AB1M1C0F,SUCCESS,206
349CA0L0AB0M0C1F,SUCCESS,164
349CA0L0AB0M1C1F,SUCCESS,185
349CA0L0AB1M0C1F,SUCCESS,185
349CA0L0AB1M1C1F,SUCCESS,226
349CA1L0AB0M0C1F,SUCCESS,146
349CA1L0AB0M1C1F,SUCCESS,167
349CA1L0AB1M0C1F,SUCCESS,167
349CA1L0AB1M1C1F,SUCCESS,209
366CA0L0AB0M0C0E,SUCCESS,151
366CA0L0AB0M1C0E,SUCCESS,173
366CA0L0AB1M0C0E,SUCCESS,173
366CA0L0AB1M1C0E,SUCCESS,216
366CA0L0AB0M0C1E,SUCCESS,172
366CA0L0AB0M1C1E,SUCCESS,194
366CA0L0AB1M0C1E,SUCCESS,194
366CA0L0AB1M1C1E,SUCCESS,237
366CA1L0AB0M0C1E,SUCCESS,151
366CA1L0AB0M1C1E,SUCCESS,173
366CA1L0AB1M0C1E,SUCCESS,173
366CA1L0AB1M1C1E,SUCCESS,216
366CA0L0AB0M0C0F,SUCCESS,151
366CA0L0AB0M1C0F,SUCCESS,173
366CA0L0AB1M0C0F,SUCCESS,173
366CA0L0AB1M1C0F,SUCCESS,216
366CA0L0AB0M0C1F,SUCCESS,172
366CA0L0AB0M1C1F,SUCCESS,194
366CA0L0AB1M0C1F,SUCCESS,194
366CA0L0AB1M1C1F,SUCCESS,237
366CA1L0AB0M0C1F,SUCCESS,153
366CA1L0AB0M1C1F,SUCCESS,175
366CA1L0AB1M0C1F,SUCCESS,175
366CA1L0AB1M1C1F,SUCCESS,219
383CA0L0AB0M0C0E,SUCCESS,158
383CA0L0AB0M1C0E,SUCCESS,181
383CA0L0AB1M0C0E,SUCCESS,181
383CA0L0AB1M1C0E,SUCCESS,226
383CA0L0AB0M0C1E,SUCCESS,180
383CA0L0AB0M1C1E,SUCCESS,203
383CA0L0AB1M0C1E,SUCCESS,203
383CA0L0AB1M1C1E,SUCCESS,248
383CA1L0AB0M0C1E,SUCCESS,158
383CA1L0AB0M1C1E,SUCCESS,181
383CA1L0AB1M0C1E,SUCCESS,181
383CA1L0AB1M1C1E,SUCCESS,226
383CA0L0AB0M0C0F,SUCCESS,158
383CA0L0AB0M1C0F,SUCCESS,181
383CA0L0AB1M0C0F,SUCCESS,181
383CA0L0AB1M1C0F,SUCCESS,226
383CA0L0AB0M0C1F,SUCCESS,180
383CA0L0AB0M1C1F,SUCCESS,203
383CA0L0AB1M0C1F,SUCCESS,203
383CA0L0AB1M1C1F,SUCCESS,248
383CA1L0AB0M0C1F,SUCCESS,160
383CA1L0AB0M1C1F,SUCCESS,183
383CA1L0AB1M0C1F,SUCCESS,183
383CA1L0AB1M1C1F,SUCCESS,229
400CA0L0AB0M0C0E,SUCCESS,165
400CA0L0AB0M1C0E,SUCCESS,189
400CA0L0AB1M0C0E,SUCCESS,189
400CA0L0AB1M1C0E,SUCCESS,236
400CA0L0AB0M0C1E,SUCCESS,188
400CA0L0AB0M1C1E,SUCCESS,212
400CA0L0AB1M0C1E,SUCCESS,212
400CA0L0AB1M1C1E,SUCCESS,259
400CA1L0AB0M0C1E,SUCCESS,165
400CA1L0AB0M1C1E,SUCCESS,189
400CA1L0AB1M0C1E,SUCCESS,189
400CA1L0AB1M1C1E,SUCCESS,236
400CA0L0AB0M0C0F,SUCCESS,165
400CA0L0AB0M1C0F,SUCCESS,189
400CA0L0AB1M0C0F,SUCCESS,189
400CA0L0AB1M1C0F,SUCCESS,236
400CA0L0AB0M0C1F,SUCCESS,188
400CA0L0AB0M1C1F,SUCCESS,212
400CA0L0AB1M0C1F,SUCCESS,212
400CA0L0AB1M1C1F,SUCCESS,259
400CA1L0AB0M0C1F,SUCCESS,167
400CA1L0AB0M1C1F,SUCCESS,191
400CA1L0AB1M0C1F,SUCCESS,191
400CA1L0AB1M1C1F,SUCCESS,239
417CA0L0AB0M0C0E,SUCCESS,172
417CA0L0AB0M1C0E,SUCCESS,197
417CA0L0AB1M0C0E,SUCCESS,197
417CA0L0AB1M1C0E,SUCCESS,246
417CA0L0AB0M0C1E,SUCCESS,196
417CA0L0AB0M1C1E,SUCCESS,221
417CA0L0AB1M0C1E,SUCCESS,221
417CA0L0AB1M1C1E,SUCCESS,270
417CA1L0AB0M0C1E,SUCCESS,172
417CA1L0AB0M1C1E,SUCCESS,197
417CA1L0AB1M0C1E,SUCCESS,197
417CA1L0AB1M1C1E,SUCCESS,246
417CA0L0AB0M0C0F,SUCCESS,172
417CA0L0AB0M1C0F,SUCCESS,197
417CA0L0AB1M0C0F,SUCCESS,197
417CA0L0AB1M1C0F,SUCCESS,246
417CA0L0AB0M0C1F,SUCCESS,196
417CA0L0AB0M1C1F,SUCCESS,221
417CA0L0AB1M0C1F,SUCCESS,221
417CA0L0AB1M1C1F,SUCCESS,270
417CA1L0AB0M0C1F,SUCCESS,174
417CA1L0AB0M1C1F,SUCCESS,199
417CA1L0AB1M0C1F,SUCCESS,199
417CA1L0AB1M1C1F,SUCCESS,249
434CA0L0AB0M0C0E,SUCCESS,179
434CA0L0AB0M1C0E,SUCCESS,205
434CA0L0AB1M0C0E,SUCCESS,205
434CA0L0AB1M1C0E,SUCCESS,256
434CA0L0AB0M0C1E,SUCCESS,204
434CA0L0AB0M1C1E,SUCCESS,230
434CA0L0AB1M0C1E,SUCCESS,230
434CA0L0AB1M1C1E,SUCCESS,281
434CA1L0AB0M0C1E,SUCCESS,179
434CA1L0AB0M1C1E,SUCCESS,205
434CA1L0AB1M0C1E,SUCCESS,205
434CA1L0AB1M1C1E,SUCCESS,256
434CA0L0AB0M0C0F,SUCCESS,179
434CA0L0AB0M1C0F,SUCCESS,205
434CA0L0AB1M0C0F,SUCCESS,205
434CA0L0AB1M1C0F,SUCCESS,256
434CA0L0AB0M0C1F,SUCCESS,204
434CA0L0AB0M1C1F,SUCCESS,230
434CA0L0AB1M0C1F,SUCCESS,230
434CA0L0AB1M1C1F,SUCCESS,281
434CA1L0AB0M0C1F,SUCCESS,181
434CA1L0AB0M1C1F,SUCCESS,207
434CA1L0AB1M0C1F,SUCCESS,207
434CA1L0AB1M1C1F,SUCCESS,259
451CA0L0AB0M0C0E,SUCCESS,186
451CA0L0AB0M1C0E,SUCCESS,213
451CA0L0AB1M0C0E,SUCCESS,213
451CA0L0AB1M1C0E,SUCCESS,266
451CA0L0AB0M0C1E,SUCCESS,212
451CA0L0AB0M1C1E,SUCCESS,239
451CA0L0AB1M0C1E,SUCCESS,239
451CA0L0AB1M1C1E,SUCCESS,292
451CA1L0AB0M0C1E,SUCCESS,186
451CA1L0AB0M1C1E,SUCCESS,213
451CA1L0AB1M0C1E,SUCCESS,213
451CA1L0AB1M1C1E,SUCCESS,266
451CA0L0AB0M0C0F,SUCCESS,186
451CA0L0AB0M1C0F,SUCCESS,213
451CA0L0AB1M0C0F,SUCCESS,213
451CA0L0AB1M1C0F,SUCCESS,266
451CA0L0AB0M0C1F,SUCCESS,212
451CA0L0AB0M1C1F,SUCCESS,239
451CA0L0AB1M0C1F,SUCCESS,239
451CA0L0AB1M1C1F,SUCCESS,292
451CA1L0AB0M0C1F,SUCCESS,188
451CA1L0AB0M1C1F,SUCCESS,215
451CA1L0AB1M0C1F,SUCCESS,215
451CA1L0AB1M1C1F,SUCCESS,269
468CA0L0AB0M0C0E,SUCCESS,193
468CA0L0AB0M1C0E,SUCCESS,221
468CA0L0AB1M0C0E,SUCCESS,221
468CA0L0AB1M1C0E,SUCCESS,276
468CA0L0AB0M0C1E,SUCCESS,220
468CA0L0AB0M1C1E,SUCCESS,248
468CA0L0AB1M0C1E,SUCCESS,248
468CA0L0AB1M1C1E,SUCCESS,303
468CA1L0AB0M0C1E,SUCCESS,193
468CA1L0AB0M1C1E,SUCCESS,221
468CA1L0AB1M0C1E,SUCCESS,221
468CA1L0AB1M1C1E,SUCCESS,276
468CA0L0AB0M0C0F,SUCCESS,193
468CA0L0AB0M1C0F,SUCCESS,221
468CA0L0AB1M0C0F,SUCCESS,221
468CA0L0AB1M1C0F,SUCCESS,276
468CA0L0AB0M0C1F,SUCCESS,220
468CA0L0AB0M1C1F,SUCCESS,248
468CA0L0AB1M0C1F,SUCCESS,248
468CA0L0AB1M1C1F,SUCCESS,303
468CA1L0AB0M0C1F,SUCCESS,195
468CA1L0AB0M1C1F,SUCCESS,223
468CA1L0AB1M0C1F,SUCCESS,223
468CA1L0AB1M1C1F,SUCCESS,279
485CA0L0AB0M0C0E,SUCCESS,200
485CA0L0AB0M1C0E,SUCCESS,229
485CA0L0AB1M0C0E,SUCCESS,229
485CA0L0AB1M1C0E,SUCCESS,286
485CA0L0AB0M0C1E,SUCCESS,228
485CA0L0AB0M1C1E,SUCCESS,257
485CA0L0AB1M0C1E,SUCCESS,257
485CA0L0AB1M1C1E,SUCCESS,314
485CA1L0AB0M0C1E,SUCCESS,200
485CA1L0AB0M1C1E,SUCCESS,229
485CA1L0AB1M0C1E,SUCCESS,229
485CA1L0AB1M1C1E,SUCCESS,286
485CA0L0AB0M0C0F,SUCCESS,200
485CA0L0AB0M1C0F,SUCCESS,229
485CA0L0AB1M0C0F,SUCCESS,229
485CA0L0AB1M1C0F,SUCCESS,286
485CA0L0AB0M0C1F,SUCCESS,228
485CA0L0AB0M1C1F,SUCCESS,257
485CA0L0AB1M0C1F,SUCCESS,257
485CA0L0AB1M1C1F,SUCCESS,314
485CA1L0AB0M0C1F,SUCCESS,202
485CA1L0AB0M1C1F,SUCCESS,231
485CA1L0AB1M0C1F,SUCCESS,231
485CA1L0AB1M1C1F,SUCCESS,289
502CA0L0AB0M0C0E,SUCCESS,207
502CA0L0AB0M1C0E,SUCCESS,237
502CA0L0AB1M0C0E,SUCCESS,237
502CA0L0AB1M1C0E,SUCCESS,296
502CA0L0AB0M0C1E,SUCCESS,236
502CA0L0AB0M1C1E,SUCCESS,266
502CA0L0AB1M0C1E,SUCCESS,266
502CA0L0AB1M1C1E,SUCCESS,325
502CA1L0AB0M0C1E,SUCCESS,207
502CA1L0AB0M1C1E,SUCCESS,237
502CA1L0AB1M0C1E,SUCCESS,237
502CA1L0AB1M1C1E,SUCCESS,296
502CA0L0AB0M0C0F,SUCCESS,207
502CA0L0AB0M1C0F,SUCCESS,237
502CA0L0AB1M0C0F,SUCCESS,237
502CA0L0AB1M1C0F,SUCCESS,296
502CA0L0AB0M0C1F,SUCCESS,236
502CA0L0AB0M1C1F,SUCCESS,266
502CA0L0AB1M0C1F,SUCCESS,266
502CA0L0AB1M1C1F,SUCCESS,325
502CA1L0AB0M0C1F,SUCCESS,209
502CA1L0AB0M1C1F,SUCCESS,239
502CA1L0AB1M0C1F,SUCCESS,239
502CA1L0AB1M1C1F,SUCCESS,299
519CA0L0AB0M0C0E,SUCCESS,214
519CA0L0AB0M1C0E,SUCCESS,245
519CA0L0AB1M0C0E,SUCCESS,245
519CA0L0AB1M1C0E,SUCCESS,306
519CA0L0AB0M0C1E,SUCCESS,244
519CA0L0AB0M1C1E,SUCCESS,275
519CA0L0AB1M0C1E,SUCCESS,275
519CA0L0AB1M1C1E,SUCCESS,336
519CA1L0AB0M0C1E,SUCCESS,214
519CA1L0AB0M1C1E,SUCCESS,245
519CA1L0AB1M0C1E,SUCCESS,245
519CA1L0AB1M1C1E,SUCCESS,306
519CA0L0AB0M0C0F,SUCCESS,214
519CA0L0AB0M1C0F,SUCCESS,245
519CA0L0AB1M0C0F,SUCCESS,245
519CA0L0AB1M1C0F,SUCCESS,306
519CA0L0AB0M0C1F,SUCCESS,244
519CA0L0AB0M1C1F,SUCCESS,275
519CA0L0AB1M0C1F,SUCCESS,275
519CA0L0AB1M1C1F,SUCCESS,336
519CA1L0AB0M0C1F,SUCCESS,216
519CA1L0AB0M1C1F,SUCCESS,247
519CA1L0AB1M0C1F,SUCCESS,247
519CA1L0AB1M1C1F,SUCCESS,309
536CA0L0AB0M0C0E,SUCCESS,221
536CA0L0AB0M1C0E,SUCCESS,253
536CA0L0AB1M0C0E,SUCCESS,253
256CA0L0AB1M1C0F,SUCCESS,156
256CA0L0AB0M0C1F,SUCCESS,124
256CA0L0AB0M1C1F,SUCCESS,140
256CA0L0AB1M0C1F,SUCCESS,140
256CA0L0AB1M1C1F,SUCCESS,171
256CA1L0AB0M0C1F,SUCCESS,111
256CA1L0AB0M1C1F,SUCCESS,127
256CA1L0AB1M0C1F,SUCCESS,127
256CA1L0AB1M1C1F,SUCCESS,159
512CA0L0AB0M0C0E,SUCCESS,214
512CA0L0AB0M1C0E,SUCCESS,245
512CA0L0AB1M0C0E,SUCCESS,245
512CA0L0AB1M1C0E,SUCCESS,306
512CA0L0AB0M0C1E,SUCCESS,244
512CA0L0AB0M1C1E,SUCCESS,275
512CA0L0AB1M0C1E,SUCCESS,275
512CA0L0AB1M1C1E,SUCCESS,336
512CA1L0AB0M0C1E,SUCCESS,214
512CA1L0AB0M1C1E,SUCCESS,245
512CA1L0AB1M0C1E,SUCCESS,245
512CA1L0AB1M1C1E,SUCCESS,306
512CA0L0AB0M0C0F,SUCCESS,214
512CA0L0AB0M1C0F,SUCCESS,245
512CA0L0AB1M0C0F,SUCCESS,245
512CA0L0AB1M1C0F,SUCCESS,306
512CA0L0AB0M0C1F,SUCCESS,244
512CA0L0AB0M1C1F,SUCCESS,275
512CA0L0AB1M0C1F,SUCCESS,275
512CA0L0AB1M1C1F,SUCCESS,336
512CA1L0AB0M0C1F,SUCCESS,216
512CA1L0AB0M1C1F,SUCCESS,247
512CA1L0AB1M0C1F,SUCCESS,247
512CA1L0AB1M1C1F,SUCCESS,309
1024CA0L0AB0M0C0E,SUCCESS,424
1024CA0L0AB0M1C0E,SUCCESS,485
1024CA0L0AB1M0C0E,SUCCESS,485
1024CA0L0AB1M1C0E,SUCCESS,606
1024CA0L0AB0M0C1E,SUCCESS,484
1024CA0L0AB0M1C1E,SUCCESS,545
1024CA0L0AB1M0C1E,SUCCESS,545
1024CA0L0AB1M1C1E,SUCCESS,666
1024CA1L0AB0M0C1E,SUCCESS,424
1024CA1L0AB0M1C1E,SUCCESS,485
1024CA1L0AB1M0C1E,SUCCESS,485
1024CA1L0AB1M1C1E,SUCCESS,606
1024CA0L0AB0M0C0F,SUCCESS,424
1024CA0L0AB0M1C0F,SUCCESS,485
1024CA0L0AB1M0C0F,SUCCESS,485
1024CA0L0AB1M1C0F,SUCCESS,606
1024CA0L0AB0M0C1F,SUCCESS,484
1024CA0L0AB0M1C1F,SUCCESS,545
1024CA0L0AB1M0C1F,SUCCESS,545
1024CA0L0AB1M1C1F,SUCCESS,666
1024CA1L0AB0M0C1F,SUCCESS,426
1024CA1L0AB0M1C1F,SUCCESS,487
1024CA1L0AB1M0C1F,SUCCESS,487
1024CA1L0AB1M1C1F,SUCCESS,609
2048CA0L0AB0M0C0E,SUCCESS,844
2048CA0L0AB0M1C0E,SUCCESS,965
2048CA0L0AB1M0C0E,SUCCESS,965
2048CA0L0AB1M1C0E,SUCCESS,1206
2048CA0L0AB0M0C1E,SUCCESS,964
2048CA0L0AB0M1C1E,SUCCESS,1085
2048CA0L0AB1M0C1E,SUCCESS,1085
2048CA0L0AB1M1C1E,SUCCESS,1326
2048CA1L0AB0M0C1E,SUCCESS,844
2048CA1L0AB0M1C1E,SUCCESS,965
2048CA1L0AB1M0C1E,SUCCESS,965
2048CA1L0AB1M1C1E,SUCCESS,1206
2048CA0L0AB0M0C0F,SUCCESS,844
2048CA0L0AB0M1C0F,SUCCESS,965
2048CA0L0AB1M0C0F,SUCCESS,965
2048CA0L0AB1M1C0F,SUCCESS,1206
2048CA0L0AB0M0C1F,SUCCESS,964
2048CA0L0AB0M1C1F,SUCCESS,1085
2048CA0L0AB1M0C1F,SUCCESS,1085
2048CA0L0AB1M1C1F,SUCCESS,1326
2048CA1L0AB0M0C1F,SUCCESS,846
2048CA1L0AB0M1C1F,SUCCESS,967
2048CA1L0AB1M0C1F,SUCCESS,967
2048CA1L0AB1M1C1F,SUCCESS,1209
4096CA0L0AB0M0C0E,SUCCESS,1691
4096CA0L0AB0M1C0E,SUCCESS,1933
4096CA0L0AB1M0C0E,SUCCESS,1933
4096CA0L0AB1M1C0E,SUCCESS,2416
4096CA0L0AB0M0C1E,SUCCESS,1932
4096CA0L0AB0M1C1E,SUCCESS,2174
4096CA0L0AB1M0C1E,SUCCESS,2174
4096CA0L0AB1M1C1E,SUCCESS,2657
4096CA1L0AB0M0C1E,SUCCESS,1692
4096CA1L0AB0M1C1E,SUCCESS,1934
4096CA1L0AB1M0C1E,SUCCESS,1934
4096CA1L0AB1M1C1E,SUCCESS,2417
4096CA0L0AB0M0C0F,SUCCESS,1691
4096CA0L0AB0M1C0F,SUCCESS,1933
4096CA0L0AB1M0C0F,SUCCESS,1933
4096CA0L0AB1M1C0F,SUCCESS,2416
4096CA0L0AB0M0C1F,SUCCESS,1932
4096CA0L0AB0M1C1F,SUCCESS,2174
4096CA0L0AB1M0C1F,SUCCESS,2174
4096CA0L0AB1M1C1F,SUCCESS,2657
4096CA1L0AB0M0C1F,SUCCESS,1693
4096CA1L0AB0M1C1F,SUCCESS,1935
4096CA1L0AB1M0C1F,SUCCESS,1935
4096CA1L0AB1M1C1F,SUCCESS,2419
536CA0L0AB1M1C0E,SUCCESS,316
536CA0L0AB0M0C1E,SUCCESS,252
536CA0L0AB0M1C1E,SUCCESS,284
536CA0L0AB1M0C1E,SUCCESS,284
536CA0L0AB1M1C1E,SUCCESS,347
536CA1L0AB0M0C1E,SUCCESS,221
536CA1L0AB0M1C1E,SUCCESS,253
536CA1L0AB1M0C1E,SUCCESS,253
536CA1L0AB1M1C1E,SUCCESS,316
536CA0L0AB0M0C0F,SUCCESS,221
536CA0L0AB0M1C0F,SUCCESS,253
536CA0L0AB1M0C0F,SUCCESS,253
536CA0L0AB1M1C0F,SUCCESS,316
536CA0L0AB0M0C1F,SUCCESS,252
536CA0L0AB0M1C1F,SUCCESS,284
536CA0L0AB1M0C1F,SUCCESS,284
536CA0L0AB1M1C1F,SUCCESS,347
536CA1L0AB0M0C1F,SUCCESS,223
536CA1L0AB0M1C1F,SUCCESS,255
536CA1L0AB1M0C1F,SUCCESS,255
536CA1L0AB1M1C1F,SUCCESS,319
553CA0L0AB0M0C0E,SUCCESS,228
553CA0L0AB0M1C0E,SUCCESS,261
553CA0L0AB1M0C0E,SUCCESS,261
553CA0L0AB1M1C0E,SUCCESS,326
553CA0L0AB0M0C1E,SUCCESS,260
553CA0L0AB0M1C1E,SUCCESS,293
553CA0L0AB1M0C1E,SUCCESS,293
553CA0L0AB1M1C1E,SUCCESS,358
553CA1L0AB0M0C1E,SUCCESS,228
553CA1L0AB0M1C1E,SUCCESS,261
553CA1L0AB1M0C1E,SUCCESS,261
553CA1L0AB1M1C1E,SUCCESS,326
553CA0L0AB0M0C0F,SUCCESS,228
553CA0L0AB0M1C0F,SUCCESS,261
553CA0L0AB1M0C0F,SUCCESS,261
553CA0L0AB1M1C0F,SUCCESS,326
553CA0L0AB0M0C1F,SUCCESS,260
553CA0L0AB0M1C1F,SUCCESS,293
553CA0L0AB1M0C1F,SUCCESS,293
553CA0L0AB1M1C1F,SUCCESS,358
553CA1L0AB0M0C1F,SUCCESS,230
553CA1L0AB0M1C1F,SUCCESS,263
553CA1L0AB1M0C1F,SUCCESS,263
553CA1L0AB1M1C1F,SUCCESS,329
570CA0L0AB0M0C0E,SUCCESS,235
570CA0L0AB0M1C0E,SUCCESS,269
570CA0L0AB1M0C0E,SUCCESS,269
570CA0L0AB1M1C0E,SUCCESS,336
570CA0L0AB0M0C1E,SUCCESS,268
570CA0L0AB0M1C1E,SUCCESS,302
570CA0L0AB1M0C1E,SUCCESS,302
570CA0L0AB1M1C1E,SUCCESS,369
570CA1L0AB0M0C1E,SUCCESS,235
570CA1L0AB0M1C1E,SUCCESS,269
570CA1L0AB1M0C1E,SUCCESS,269
570CA1L0AB1M1C1E,SUCCESS,336
570CA0L0AB0M0C0F,SUCCESS,235
570CA0L0AB0M1C0F,SUCCESS,269
570CA0L0AB1M0C0F,SUCCESS,269
570CA0L0AB1M1C0F,SUCCESS,336
570CA0L0AB0M0C1F,SUCCESS,268
570CA0L0AB0M1C1F,SUCCESS,302
570CA0L0AB1M0C1F,SUCCESS,302
570CA0L0AB1M1C1F,SUCCESS,369
570CA1L0AB0M0C1F,SUCCESS,237
570CA1L0AB0M1C1F,SUCCESS,271
570CA1L0AB1M0C1F,SUCCESS,271
570CA1L0AB1M1C1F,SUCCESS,339
587CA0L0AB0M0C0E,SUCCESS,242
587CA0L0AB0M1C0E,SUCCESS,277
587CA0L0AB1M0C0E,SUCCESS,277
587CA0L0AB1M1C0E,SUCCESS,346
587CA0L0AB0M0C1E,SUCCESS,276
587CA0L0AB0M1C1E,SUCCESS,311
587CA0L0AB1M0C1E,SUCCESS,311
587CA0L0AB1M1C1E,SUCCESS,380
587CA1L0AB0M0C1E,SUCCESS,242
587CA1L0AB0M1C1E,SUCCESS,277
587CA1L0AB1M0C1E,SUCCESS,277
587CA1L0AB1M1C1E,SUCCESS,346
587CA0L0AB0M0C0F,SUCCESS,242
587CA0L0AB0M1C0F,SUCCESS,277
587CA0L0AB1M0C0F,SUCCESS,277
587CA0L0AB1M1C0F,SUCCESS,346
587CA0L0AB0M0C1F,SUCCESS,276
587CA0L0AB0M1C1F,SUCCESS,311
587CA0L0AB1M0C1F,SUCCESS,311
587CA0L0AB1M1C1F,SUCCESS,380
587CA1L0AB0M0C1F,SUCCESS,244
587CA1L0AB0M1C1F,SUCCESS,279
587CA1L0AB1M0C1F,SUCCESS,279
587CA1L0AB1M1C1F,SUCCESS,349
604CA0L0AB0M0C0E,SUCCESS,249
604CA0L0AB0M1C0E,SUCCESS,285
604CA0L0AB1M0C0E,SUCCESS,285
604CA0L0AB1M1C0E,SUCCESS,356
604CA0L0AB0M0C1E,SUCCESS,284
604CA0L0AB0M1C1E,SUCCESS,320
604CA0L0AB1M0C1E,SUCCESS,320
604CA0L0AB1M1C1E,SUCCESS,391
604CA1L0AB0M0C1E,SUCCESS,249
604CA1L0AB0M1C1E,SUCCESS,285
604CA1L0AB1M0C1E,SUCCESS,285
604CA1L0AB1M1C1E,SUCCESS,356
604CA0L0AB0M0C0F,SUCCESS,249
604CA0L0AB0M1C0F,SUCCESS,285
604CA0L0AB1M0C0F,SUCCESS,285
604CA0L0AB1M1C0F,SUCCESS,356
604CA0L0AB0M0C1F,SUCCESS,284
604CA0L0AB0M1C1F,SUCCESS,320
604CA0L0AB1M0C1F,SUCCESS,320
604CA0L0AB1M1C1F,SUCCESS,391
604CA1L0AB0M0C1F,SUCCESS,251
604CA1L0AB0M1C1F,SUCCESS,287
604CA1L0AB1M0C1F,SUCCESS,287
604CA1L0AB1M1C1F,SUCCESS,359
621CA0L0AB0M0C0E,SUCCESS,256
621CA0L0AB0M1C0E,SUCCESS,293
621CA0L0AB1M0C0E,SUCCESS,293
621CA0L0AB1M1C0E,SUCCESS,366
621CA0L0AB0M0C1E,SUCCESS,292
621CA0L0AB0M1C1E,SUCCESS,329
621CA0L0AB1M0C1E,SUCCESS,329
621CA0L0AB1M1C1E,SUCCESS,402
621CA1L0AB0M0C1E,SUCCESS,256
621CA1L0AB0M1C1E,SUCCESS,293
621CA1L0AB1M0C1E,SUCCESS,293
621CA1L0AB1M1C1E,SUCCESS,366
621CA0L0AB0M0C0F,SUCCESS,256
621CA0L0AB0M1C0F,SUCCESS,293
621CA0L0AB1M0C0F,SUCCESS,293
621CA0L0AB1M1C0F,SUCCESS,366
621CA0L0AB0M0C1F,SUCCESS,292
621CA0L0AB0M1C1F,SUCCESS,329
621CA0L0AB1M0C1F,SUCCESS,329
621CA0L0AB1M1C1F,SUCCESS,402
621CA1L0AB0M0C1F,SUCCESS,258
621CA1L0AB0M1C1F,SUCCESS,295
621CA1L0AB1M0C1F,SUCCESS,295
621CA1L0AB1M1C1F,SUCCESS,369
638CA0L0AB0M0C0E,SUCCESS,263
638CA0L0AB0M1C0E,SUCCESS,301
638CA0L0AB1M0C0E,SUCCESS,301
638CA0L0AB1M1C0E,SUCCESS,376
638CA0L0AB0M0C1E,SUCCESS,300
638CA0L0AB0M1C1E,SUCCESS,338
638CA0L0AB1M0C1E,SUCCESS,338
638CA0L0AB1M1C1E,SUCCESS,413
638CA1L0AB0M0C1E,SUCCESS,263
638CA1L0AB0M1C1E,SUCCESS,301
638CA1L0AB1M0C1E,SUCCESS,301
638CA1L0AB1M1C1E,SUCCESS,376
638CA0L0AB0M0C0F,SUCCESS,263
638CA0L0AB0M1C0F,SUCCESS,301
638CA0L0AB1M0C0F,SUCCESS,301
638CA0L0AB1M1C0F,SUCCESS,376
638CA0L0AB0M0C1F,SUCCESS,300
638CA0L0AB0M1C1F,SUCCESS,338
638CA0L0AB1M0C1F,SUCCESS,338
638CA0L0AB1M1C1F,SUCCESS,413
638CA1L0AB0M0C1F,SUCCESS,265
638CA1L0AB0M1C1F,SUCCESS,303
638CA1L0AB1M0C1F,SUCCESS,303
638CA1L0AB1M1C1F,SUCCESS,379
655CA0L0AB0M0C0E,SUCCESS,270
655CA0L0AB0M1C0E,SUCCESS,309
655CA0L0AB1M0C0E,SUCCESS,309
655CA0L0AB1M1C0E,SUCCESS,386
655CA0L0AB0M0C1E,SUCCESS,308
655CA0L0AB0M1C1E,SUCCESS,347
655CA0L0AB1M0C1E,SUCCESS,347
655CA0L0AB1M1C1E,SUCCESS,424
655CA1L0AB0M0C1E,SUCCESS,270
655CA1L0AB0M1C1E,SUCCESS,309
655CA1L0AB1M0C1E,SUCCESS,309
655CA1L0AB1M1C1E,SUCCESS,386
655CA0L0AB0M0C0F,SUCCESS,270
655CA0L0AB0M1C0F,SUCCESS,309
655CA0L0AB1M0C0F,SUCCESS,309
655CA0L0AB1M1C0F,SUCCESS,386
655CA0L0AB0M0C1F,SUCCESS,308
655CA0L0AB0M1C1F,SUCCESS,347
655CA0L0AB1M0C1F,SUCCESS,347
655CA0L0AB1M1C1F,SUCCESS,424
655CA1L0AB0M0C1F,SUCCESS,272
655CA1L0AB0M1C1F,SUCCESS,311
655CA1L0AB1M0C1F,SUCCESS,311
655CA1L0AB1M1C1F,SUCCESS,389
672CA0L0AB0M0C0E,SUCCESS,277
672CA0L0AB0M1C0E,SUCCESS,317
672CA0L0AB1M0C0E,SUCCESS,317
672CA0L0AB1M1C0E,SUCCESS,396
672CA0L0AB0M0C1E,SUCCESS,316
672CA0L0AB0M1C1E,SUCCESS,356
672CA0L0AB1M0C1E,SUCCESS,356
672CA0L0AB1M1C1E,SUCCESS,435
672CA1L0AB0M0C1E,SUCCESS,277
672CA1L0AB0M1C1E,SUCCESS,317
672CA1L0AB1M0C1E,SUCCESS,317
672CA1L0AB1M1C1E,SUCCESS,396
672CA0L0AB0M0C0F,SUCCESS,277
672CA0L0AB0M1C0F,SUCCESS,317
672CA0L0AB1M0C0F,SUCCESS,317
672CA0L0AB1M1C0F,SUCCESS,396
672CA0L0AB0M0C1F,SUCCESS,316
672CA0L0AB0M1C1F,SUCCESS,356
672CA0L0AB1M0C1F,SUCCESS,356
672CA0L0AB1M1C1F,SUCCESS,435
672CA1L0AB0M0C1F,SUCCESS,279
672CA1L0AB0M1C1F,SUCCESS,319
672CA1L0AB1M0C1F,SUCCESS,319
672CA1L0AB1M1C1F,SUCCESS,399
689CA0L0AB0M0C0E,SUCCESS,284
689CA0L0AB0M1C0E,SUCCESS,325
689CA0L0AB1M0C0E,SUCCESS,325
689CA0L0AB1M1C0E,SUCCESS,406
689CA0L0AB0M0C1E,SUCCESS,324
689CA0L0AB0M1C1E,SUCCESS,365
689CA0L0AB1M0C1E,SUCCESS,365
689CA0L0AB1M1C1E,SUCCESS,446
689CA1L0AB0M0C1E,SUCCESS,284
689CA1L0AB0M1C1E,SUCCESS,325
689CA1L0AB1M0C1E,SUCCESS,325
689CA1L0AB1M1C1E,SUCCESS,406
689CA0L0AB0M0C0F,SUCCESS,284
689CA0L0AB0M1C0F,SUCCESS,325
689CA0L0AB1M0C0F,SUCCESS,325
689CA0L0AB1M1C0F,SUCCESS,406
689CA0L0AB0M0C1F,SUCCESS,324
689CA0L0AB0M1C1F,SUCCESS,365
689CA0L0AB1M0C1F,SUCCESS,365
689CA0L0AB1M1C1F,SUCCESS,446
689CA1L0AB0M0C1F,SUCCESS,286
689CA1L0AB0M1C1F,SUCCESS,327
689CA1L0AB1M0C1F,SUCCESS,327
689CA1L0AB1M1C1F,SUCCESS,409
706CA0L0AB0M0C0E,SUCCESS,291
706CA0L0AB0M1C0E,SUCCESS,333
706CA0L0AB1M0C0E,SUCCESS,333
706CA0L0AB1M1C0E,SUCCESS,416
706CA0L0AB0M0C1E,SUCCESS,332
706CA0L0AB0M1C1E,SUCCESS,374
706CA0L0AB1M0C1E,SUCCESS,374
706CA0L0AB1M1C1E,SUCCESS,457
706CA1L0AB0M0C1E,SUCCESS,291
706CA1L0AB0M1C1E,SUCCESS,333
706CA1L0AB1M0C1E,SUCCESS,333
706CA1L0AB1M1C1E,SUCCESS,416
706CA0L0AB0M0C0F,SUCCESS,291
706CA0L0AB0M1C0F,SUCCESS,333
706CA0L0AB1M0C0F,SUCCESS,333
706CA0L0AB1M1C0F,SUCCESS,416
706CA0L0AB0M0C1F,SUCCESS,332
706CA0L0AB0M1C1F,SUCCESS,374
706CA0L0AB1M0C1F,SUCCESS,374
706CA0L0AB1M1C1F,SUCCESS,457
706CA1L0AB0M0C1F,SUCCESS,293
706CA1L0AB0M1C1F,SUCCESS,335
706CA1L0AB1M0C1F,SUCCESS,335
706CA1L0AB1M1C1F,SUCCESS,419
723CA0L0AB0M0C0E,SUCCESS,298
723CA0L0AB0M1C0E,SUCCESS,341
723CA0L0AB1M0C0E,SUCCESS,341
723CA0L0AB1M1C0E,SUCCESS,426
723CA0L0AB0M0C1E,SUCCESS,340
723CA0L0AB0M1C1E,SUCCESS,383
723CA0L0AB1M0C1E,SUCCESS,383
723CA0L0AB1M1C1E,SUCCESS,468
723CA1L0AB0M0C1E,SUCCESS,298
723CA1L0AB0M1C1E,SUCCESS,341
723CA1L0AB1M0C1E,SUCCESS,341
723CA1L0AB1M1C1E,SUCCESS,426
723CA0L0AB0M0C0F,SUCCESS,298
723CA0L0AB0M1C0F,SUCCESS,341
723CA0L0AB1M0C0F,SUCCESS,341
723CA0L0AB1M1C0F,SUCCESS,426
723CA0L0AB0M0C1F,SUCCESS,340
723CA0L0AB0M1C1F,SUCCESS,383
723CA0L0AB1M0C1F,SUCCESS,383
723CA0L0AB1M1C1F,SUCCESS,468
723CA1L0AB0M0C1F,SUCCESS,300
723CA1L0AB0M1C1F,SUCCESS,343
723CA1L0AB1M0C1F,SUCCESS,343
723CA1L0AB1M1C1F,SUCCESS,429
740CA0L0AB0M0C0E,SUCCESS,305
740CA0L0AB0M1C0E,SUCCESS,349
740CA0L0AB1M0C0E,SUCCESS,349
740CA0L0AB1M1C0E,SUCCESS,436
740CA0L0AB0M0C1E,SUCCESS,348
740CA0L0AB0M1C1E,SUCCESS,392
740CA0L0AB1M0C1E,SUCCESS,392
740CA0L0AB1M1C1E,SUCCESS,479
740CA1L0AB0M0C1E,SUCCESS,305
740CA1L0AB0M1C1E,SUCCESS,349
740CA1L0AB1M0C1E,SUCCESS,349
740CA1L0AB1M1C1E,SUCCESS,436
740CA0L0AB0M0C0F,SUCCESS,305
740CA0L0AB0M1C0F,SUCCESS,349
740CA0L0AB1M0C0F,SUCCESS,349
740CA0L0AB1M1C0F,SUCCESS,436
740CA0L0AB0M0C1F,SUCCESS,348
740CA0L0AB0M1C1F,SUCCESS,392
740CA0L0AB1M0C1F,SUCCESS,392
740CA0L0AB1M1C1F,SUCCESS,479
740CA1L0AB0M0C1F,SUCCESS,307
740CA1L0AB0M1C1F,SUCCESS,351
740CA1L0AB1M0C1F,SUCCESS,351
740CA1L0AB1M1C1F,SUCCESS,439
757CA0L0AB0M0C0E,SUCCESS,312
757CA0L0AB0M1C0E,SUCCESS,357
757CA0L0AB1M0C0E,SUCCESS,357
757CA0L0AB1M1C0E,SUCCESS,446
757CA0L0AB0M0C1E,SUCCESS,356
757CA0L0AB0M1C1E,SUCCESS,401
757CA0L0AB1M0C1E,SUCCESS,401
757CA0L0AB1M1C1E,SUCCESS,490
757CA1L0AB0M0C1E,SUCCESS,312
757CA1L0AB0M1C1E,SUCCESS,357
757CA1L0AB1M0C1E,SUCCESS,357
757CA1L0AB1M1C1E,SUCCESS,446
757CA0L0AB0M0C0F,SUCCESS,312
757CA0L0AB0M1C0F,SUCCESS,357
757CA0L0AB1M0C0F,SUCCESS,357
757CA0L0AB1M1C0F,SUCCESS,446
757CA0L0AB0M0C1F,SUCCESS,356
757CA0L0AB0M1C1F,SUCCESS,401
757CA0L0AB1M0C1F,SUCCESS,401
757CA0L0AB1M1C1F,SUCCESS,490
757CA1L0AB0M0C1F,SUCCESS,314
757CA1L0AB0M1C1F,SUCCESS,359
757CA1L0AB1M0C1F,SUCCESS,359
757CA1L0AB1M1C1F,SUCCESS,449
774CA0L0AB0M0C0E,SUCCESS,319
774CA0L0AB0M1C0E,SUCCESS,365
774CA0L0AB1M0C0E,SUCCESS,365
774CA0L0AB1M1C0E,SUCCESS,456
774CA0L0AB0M0C1E,SUCCESS,364
774CA0L0AB0M1C1E,SUCCESS,410
774CA0L0AB1M0C1E,SUCCESS,410
774CA0L0AB1M1C1E,SUCCESS,501
774CA1L0AB0M0C1E,SUCCESS,319
774CA1L0AB0M1C1E,SUCCESS,365
774CA1L0AB1M0C1E,SUCCESS,365
774CA1L0AB1M1C1E,SUCCESS,456
774CA0L0AB0M0C0F,SUCCESS,319
774CA0L0AB0M1C0F,SUCCESS,365
774CA0L0AB1M0C0F,SUCCESS,365
774CA0L0AB1M1C0F,SUCCESS,456
774CA0L0AB0M0C1F,SUCCESS,364
774CA0L0AB0M1C1F,SUCCESS,410
774CA0L0AB1M0C1F,SUCCESS,410
774CA0L0AB1M1C1F,SUCCESS,501
774CA1L0AB0M0C1F,SUCCESS,321
774CA1L0AB0M1C1F,SUCCESS,367
774CA1L0AB1M0C1F,SUCCESS,367
774CA1L0AB1M1C1F,SUCCESS,459
791CA0L0AB0M0C0E,SUCCESS,326
791CA0L0AB0M1C0E,SUCCESS,373
791CA0L0AB1M0C0E,SUCCESS,373
791CA0L0AB1M1C0E,SUCCESS,466
791CA0L0AB0M0C1E,SUCCESS,372
791CA0L0AB0M1C1E,SUCCESS,419
791CA0L0AB1M0C1E,SUCCESS,419
791CA0L0AB1M1C1E,SUCCESS,512
791CA1L0AB0M0C1E,SUCCESS,326
791CA1L0AB0M1C1E,SUCCESS,373
791CA1L0AB1M0C1E,SUCCESS,373
791CA1L0AB1M1C1E,SUCCESS,466
791CA0L0AB0M0C0F,SUCCESS,326
791CA0L0AB0M1C0F,SUCCESS,373
791CA0L0AB1M0C0F,SUCCESS,373
791CA0L0AB1M1C0F,SUCCESS,466
791CA0L0AB0M0C1F,SUCCESS,372
791CA0L0AB0M1C1F,SUCCESS,419
791CA0L0AB1M0C1F,SUCCESS,419
791CA0L0AB1M1C1F,SUCCESS,512
791CA1L0AB0M0C1F,SUCCESS,328
791CA1L0AB0M1C1F,SUCCESS,375
791CA1L0AB1M0C1F,SUCCESS,375
791CA1L0AB1M1C1F,SUCCESS,469
808CA0L0AB0M0C0E,SUCCESS,333
808CA0L0AB0M1C0E,SUCCESS,381
808CA0L0AB1M0C0E,SUCCESS,381
808CA0L0AB1M1C0E,SUCCESS,476
808CA0L0AB0M0C1E,SUCCESS,380
808CA0L0AB0M1C1E,SUCCESS,428
808CA0L0AB1M0C1E,SUCCESS,428
808CA0L0AB1M1C1E,SUCCESS,523
808CA1L0AB0M0C1E,SUCCESS,333
808CA1L0AB0M1C1E,SUCCESS,381
808CA1L0AB1M0C1E,SUCCESS,381
808CA1L0AB1M1C1E,SUCCESS,476
808CA0L0AB0M0C0F,SUCCESS,333
808CA0L0AB0M1C0F,SUCCESS,381
808CA0L0AB1M0C0F,SUCCESS,381
808CA0L0AB1M1C0F,SUCCESS,476
808CA0L0AB0M0C1F,SUCCESS,380
808CA0L0AB0M1C1F,SUCCESS,428
808CA0L0AB1M0C1F,SUCCESS,428
808CA0L0AB1M1C1F,SUCCESS,523
808CA1L0AB0M0C1F,SUCCESS,335
808CA1L0AB0M1C1F,SUCCESS,383
808CA1L0AB1M0C1F,SUCCESS,383
808CA1L0AB1M1C1F,SUCCESS,479
825CA0L0AB0M0C0E,SUCCESS,340
825CA0L0AB0M1C0E,SUCCESS,389
825CA0L0AB1M0C0E,SUCCESS,389
825CA0L0AB1M1C0E,SUCCESS,486
825CA0L0AB0M0C1E,SUCCESS,388
825CA0L0AB0M1C1E,SUCCESS,437
825CA0L0AB1M0C1E,SUCCESS,437
825CA0L0AB1M1C1E,SUCCESS,534
825CA1L0AB0M0C1E,SUCCESS,340
825CA1L0AB0M1C1E,SUCCESS,389
825CA1L0AB1M0C1E,SUCCESS,389
825CA1L0AB1M1C1E,SUCCESS,486
825CA0L0AB0M0C0F,SUCCESS,340
825CA0L0AB0M1C0F,SUCCESS,389
825CA0L0AB1M0C0F,SUCCESS,389
825CA0L0AB1M1C0F,SUCCESS,486
825CA0L0AB0M0C1F,SUCCESS,388
825CA0L0AB0M1C1F,SUCCESS,437
825CA0L0AB1M0C1F,SUCCESS,437
825CA0L0AB1M1C1F,SUCCESS,534
825CA1L0AB0M0C1F,SUCCESS,342
825CA1L0AB0M1C1F,SUCCESS,391
825CA1L0AB1M0C1F,SUCCESS,391
825CA1L0AB1M1C1F,SUCCESS,489
842CA0L0AB0M0C0E,SUCCESS,347
842CA0L0AB0M1C0E,SUCCESS,397
842CA0L0AB1M0C0E,SUCCESS,397
842CA0L0AB1M1C0E,SUCCESS,496
842CA0L0AB0M0C1E,SUCCESS,396
842CA0L0AB0M1C1E,SUCCESS,446
842CA0L0AB1M0C1E,SUCCESS,446
842CA0L0AB1M1C1E,SUCCESS,545
842CA1L0AB0M0C1E,SUCCESS,347
842CA1L0AB0M1C1E,SUCCESS,397
842CA1L0AB1M0C1E,SUCCESS,397
842CA1L0AB1M1C1E,SUCCESS,496
842CA0L0AB0M0C0F,SUCCESS,347
842CA0L0AB0M1C0F,SUCCESS,397
842CA0L0AB1M0C0F,SUCCESS,397
842CA0L0AB1M1C0F,SUCCESS,496
842CA0L0AB0M0C1F,SUCCESS,396
842CA0L0AB0M1C1F,SUCCESS,446
842CA0L0AB1M0C1F,SUCCESS,446
842CA0L0AB1M1C1F,SUCCESS,545
842CA1L0AB0M0C1F,SUCCESS,349
842CA1L0AB0M1C1F,SUCCESS,399
842CA1L0AB1M0C1F,SUCCESS,399
842CA1L0AB1M1C1F,SUCCESS,499
859CA0L0AB0M0C0E,SUCCESS,354
859CA0L0AB0M1C0E,SUCCESS,405
859CA0L0AB1M0C0E,SUCCESS,405
859CA0L0AB1M1C0E,SUCCESS,506
859CA0L0AB0M0C1E,SUCCESS,404
859CA0L0AB0M1C1E,SUCCESS,455
859CA0L0AB1M0C1E,SUCCESS,455
859CA0L0AB1M1C1E,SUCCESS,556
859CA1L0AB0M0C1E,SUCCESS,354
859CA1L0AB0M1C1E,SUCCESS,405
859CA1L0AB1M0C1E,SUCCESS,405
859CA1L0AB1M1C1E,SUCCESS,506
859CA0L0AB0M0C0F,SUCCESS,354
859CA0L0AB0M1C0F,SUCCESS,405
859CA0L0AB1M0C0F,SUCCESS,405
859CA0L0AB1M1C0F,SUCCESS,506
859CA0L0AB0M0C1F,SUCCESS,404
859CA0L0AB0M1C1F,SUCCESS,455
859CA0L0AB1M0C1F,SUCCESS,455
859CA0L0AB1M1C1F,SUCCESS,556
859CA1L0AB0M0C1F,SUCCESS,356
859CA1L0AB0M1C1F,SUCCESS,407
859CA1L0AB1M0C1F,SUCCESS,407
859CA1L0AB1M1C1F,SUCCESS,509
876CA0L0AB0M0C0E,SUCCESS,361
876CA0L0AB0M1C0E,SUCCESS,413
876CA0L0AB1M0C0E,SUCCESS,413
876CA0L0AB1M1C0E,SUCCESS,516
876CA0L0AB0M0C1E,SUCCESS,412
876CA0L0AB0M1C1E,SUCCESS,464
876CA0L0AB1M0C1E,SUCCESS,464
876CA0L0AB1M1C1E,SUCCESS,567
876CA1L0AB0M0C1E,SUCCESS,361
876CA1L0AB0M1C1E,SUCCESS,413
876CA1L0AB1M0C1E,SUCCESS,413
876CA1L0AB1M1C1E,SUCCESS,516
876CA0L0AB0M0C0F,SUCCESS,361
876CA0L0AB0M1C0F,SUCCESS,413
876CA0L0AB1M0C0F,SUCCESS,413
876CA0L0AB1M1C0F,SUCCESS,516
876CA0L0AB0M0C1F,SUCCESS,412
876CA0L0AB0M1C1F,SUCCESS,464
876CA0L0AB1M0C1F,SUCCESS,464
876CA0L0AB1M1C1F,SUCCESS,567
876CA1L0AB0M0C1F,SUCCESS,363
876CA1L0AB0M1C1F,SUCCESS,415
876CA1L0AB1M0C1F,SUCCESS,415
876CA1L0AB1M1C1F,SUCCESS,519
893CA0L0AB0M0C0E,SUCCESS,368
893CA0L0AB0M1C0E,SUCCESS,421
893CA0L0AB1M0C0E,SUCCESS,421
893CA0L0AB1M1C0E,SUCCESS,526
893CA0L0AB0M0C1E,SUCCESS,420
893CA0L0AB0M1C1E,SUCCESS,473
893CA0L0AB1M0C1E,SUCCESS,473
893CA0L0AB1M1C1E,SUCCESS,578
893CA1L0AB0M0C1E,SUCCESS,368
893CA1L0AB0M1C1E,SUCCESS,421
893CA1L0AB1M0C1E,SUCCESS,421
893CA1L0AB1M1C1E,SUCCESS,526
893CA0L0AB0M0C0F,SUCCESS,368
893CA0L0AB0M1C0F,SUCCESS,421
893CA0L0AB1M0C0F,SUCCESS,421
893CA0L0AB1M1C0F,SUCCESS,526
893CA0L0AB0M0C1F,SUCCESS,420
893CA0L0AB0M1C1F,SUCCESS,473
893CA0L0AB1M0C1F,SUCCESS,473
893CA0L0AB1M1C1F,SUCCESS,578
893CA1L0AB0M0C1F,SUCCESS,370
893CA1L0AB0M1C1F,SUCCESS,423
893CA1L0AB1M0C1F,SUCCESS,423
893CA1L0AB1M1C1F,SUCCESS,529
910CA0L0AB0M0C0E,SUCCESS,375
910CA0L0AB0M1C0E,SUCCESS,429
910CA0L0AB1M0C0E,SUCCESS,429
910CA0L0AB1M1C0E,SUCCESS,536
910CA0L0AB0M0C1E,SUCCESS,428
910CA0L0AB0M1C1E,SUCCESS,482
910CA0L0AB1M0C1E,SUCCESS,482
910CA0L0AB1M1C1E,SUCCESS,589
910CA1L0AB0M0C1E,SUCCESS,375
910CA1L0AB0M1C1E,SUCCESS,429
910CA1L0AB1M0C1E,SUCCESS,429
910CA1L0AB1M1C1E,SUCCESS,536
910CA0L0AB0M0C0F,SUCCESS,375
910CA0L0AB0M1C0F,SUCCESS,429
910CA0L0AB1M0C0F,SUCCESS,429
910CA0L0AB1M1C0F,SUCCESS,536
910CA0L0AB0M0C1F,SUCCESS,428
910CA0L0AB0M1C1F,SUCCESS,482
910CA0L0AB1M0C1F,SUCCESS,482
910CA0L0AB1M1C1F,SUCCESS,589
910CA1L0AB0M0C1F,SUCCESS,377
910CA1L0AB0M1C1F,SUCCESS,431
910CA1L0AB1M0C1F,SUCCESS,431
910CA1L0AB1M1C1F,SUCCESS,539
927CA0L0AB0M0C0E,SUCCESS,382
927CA0L0AB0M1C0E,SUCCESS,437
927CA0L0AB1M0C0E,SUCCESS,437
927CA0L0AB1M1C0E,SUCCESS,546
927CA0L0AB0M0C1E,SUCCESS,436
927CA0L0AB0M1C1E,SUCCESS,491
927CA0L0AB1M0C1E,SUCCESS,491
927CA0L0AB1M1C1E,SUCCESS,600
927CA1L0AB0M0C1E,SUCCESS,382
927CA1L0AB0M1C1E,SUCCESS,437
927CA1L0AB1M0C1E,SUCCESS,437
927CA1L0AB1M1C1E,SUCCESS,546
927CA0L0AB0M0C0F,SUCCESS,382
927CA0L0AB0M1C0F,SUCCESS,437
927CA0L0AB1M0C0F,SUCCESS,437
927CA0L0AB1M1C0F,SUCCESS,546
927CA0L0AB0M0C1F,SUCCESS,436
927CA0L0AB0M1C1F,SUCCESS,491
927CA0L0AB1M0C1F,SUCCESS,491
927CA0L0AB1M1C1F,SUCCESS,600
927CA1L0AB0M0C1F,SUCCESS,384
927CA1L0AB0M1C1F,SUCCESS,439
927CA1L0AB1M0C1F,SUCCESS,439
927CA1L0AB1M1C1F,SUCCESS,549
944CA0L0AB0M0C0E,SUCCESS,389
944CA0L0AB0M1C0E,SUCCESS,445
944CA0L0AB1M0C0E,SUCCESS,445
944CA0L0AB1M1C0E,SUCCESS,556
944CA0L0AB0M0C1E,SUCCESS,444
944CA0L0AB0M1C1E,SUCCESS,500
944CA0L0AB1M0C1E,SUCCESS,500
944CA0L0AB1M1C1E,SUCCESS,611
944CA1L0AB0M0C1E,SUCCESS,389
944CA1L0AB0M1C1E,SUCCESS,445
944CA1L0AB1M0C1E,SUCCESS,445
944CA1L0AB1M1C1E,SUCCESS,556
944CA0L0AB0M0C0F,SUCCESS,389
944CA0L0AB0M1C0F,SUCCESS,445
944CA0L0AB1M0C0F,SUCCESS,445
944CA0L0AB1M1C0F,SUCCESS,556
944CA0L0AB0M0C1F,SUCCESS,444
944CA0L0AB0M1C1F,SUCCESS,500
944CA0L0AB1M0C1F,SUCCESS,500
944CA0L0AB1M1C1F,SUCCESS,611
944CA1L0AB0M0C1F,SUCCESS,391
944CA1L0AB0M1C1F,SUCCESS,447
944CA1L0AB1M0C1F,SUCCESS,447
944CA1L0AB1M1C1F,SUCCESS,559
961CA0L0AB0M0C0E,SUCCESS,396
961CA0L0AB0M1C0E,SUCCESS,453
961CA0L0AB1M0C0E,SUCCESS,453
961CA0L0AB1M1C0E,SUCCESS,566
961CA0L0AB0M0C1E,SUCCESS,452
961CA0L0AB0M1C1E,SUCCESS,509
961CA0L0AB1M0C1E,SUCCESS,509
961CA0L0AB1M1C1E,SUCCESS,622
961CA1L0AB0M0C1E,SUCCESS,396
961CA1L0AB0M1C1E,SUCCESS,453
961CA1L0AB1M0C1E,SUCCESS,453
961CA1L0AB1M1C1E,SUCCESS,566
961CA0L0AB0M0C0F,SUCCESS,396
961CA0L0AB0M1C0F,SUCCESS,453
961CA0L0AB1M0C0F,SUCCESS,453
961CA0L0AB1M1C0F,SUCCESS,566
961CA0L0AB0M0C1F,SUCCESS,452
961CA0L0AB0M1C1F,SUCCESS,509
961CA0L0AB1M0C1F,SUCCESS,509
961CA0L0AB1M1C1F,SUCCESS,622
961CA1L0AB0M0C1F,SUCCESS,398
961CA1L0AB0M1C1F,SUCCESS,455
961CA1L0AB1M0C1F,SUCCESS,455
961CA1L0AB1M1C1F,SUCCESS,569
978CA0L0AB0M0C0E,SUCCESS,403
978CA0L0AB0M1C0E,SUCCESS,461
978CA0L0AB1M0C0E,SUCCESS,461
978CA0L0AB1M1C0E,SUCCESS,576
978CA0L0AB0M0C1E,SUCCESS,460
978CA0L0AB0M1C1E,SUCCESS,518
978CA0L0AB1M0C1E,SUCCESS,518
978CA0L0AB1M1C1E,SUCCESS,633
978CA1L0AB0M0C1E,SUCCESS,403
978CA1L0AB0M1C1E,SUCCESS,461
978CA1L0AB1M0C1E,SUCCESS,461
978CA1L0AB1M1C1E,SUCCESS,576
978CA0L0AB0M0C0F,SUCCESS,403
978CA0L0AB0M1C0F,SUCCESS,461
978CA0L0AB1M0C0F,SUCCESS,461
978CA0L0AB1M1C0F,SUCCESS,576
978CA0L0AB0M0C1F,SUCCESS,460
978CA0L0AB0M1C1F,SUCCESS,518
978CA0L0AB1M0C1F,SUCCESS,518
978CA0L0AB1M1C1F,SUCCESS,633
978CA1L0AB0M0C1F,SUCCESS,405
978CA1L0AB0M1C1F,SUCCESS,463
978CA1L0AB1M0C1F,SUCCESS,463
978CA1L0AB1M1C1F,SUCCESS,579
995CA0L0AB0M0C0E,SUCCESS,410
995CA0L0AB0M1C0E,SUCCESS,469
995CA0L0AB1M0C0E,SUCCESS,469
995CA0L0AB1M1C0E,SUCCESS,586
995CA0L0AB0M0C1E,SUCCESS,468
995CA0L0AB0M1C1E,SUCCESS,527
995CA0L0AB1M0C1E,SUCCESS,527
995CA0L0AB1M1C1E,SUCCESS,644
995CA1L0AB0M0C1E,SUCCESS,410
995CA1L0AB0M1C1E,SUCCESS,469
995CA1L0AB1M0C1E,SUCCESS,469
995CA1L0AB1M1C1E,SUCCESS,586
995CA0L0AB0M0C0F,SUCCESS,410
995CA0L0AB0M1C0F,SUCCESS,469
995CA0L0AB1M0C0F,SUCCESS,469
995CA0L0AB1M1C0F,SUCCESS,586
995CA0L0AB0M0C1F,SUCCESS,468
995CA0L0AB0M1C1F,SUCCESS,527
995CA0L0AB1M0C1F,SUCCESS,527
995CA0L0AB1M1C1F,SUCCESS,644
995CA1L0AB0M0C1F,SUCCESS,412
995CA1L0AB0M1C1F,SUCCESS,471
995CA1L0AB1M0C1F,SUCCESS,471
995CA1L0AB1M1C1F,SUCCESS,589
1012CA0L0AB0M0C0E,SUCCESS,417
1012CA0L0AB0M1C0E,SUCCESS,477
1012CA0L0AB1M0C0E,SUCCESS,477
1012CA0L0AB1M1C0E,SUCCESS,596
1012CA0L0AB0M0C1E,SUCCESS,476
1012CA0L0AB0M1C1E,SUCCESS,536
1012CA0L0AB1M0C1E,SUCCESS,536
1012CA0L0AB1M1C1E,SUCCESS,655
1012CA1L0AB0M0C1E,SUCCESS,417
1012CA1L0AB0M1C1E,SUCCESS,477
1012CA1L0AB1M0C1E,SUCCESS,477
1012CA1L0AB1M1C1E,SUCCESS,596
1012CA0L0AB0M0C0F,SUCCESS,417
1012CA0L0AB0M1C0F,SUCCESS,477
1012CA0L0AB1M0C0F,SUCCESS,477
1012CA0L0AB1M1C0F,SUCCESS,596
1012CA0L0AB0M0C1F,SUCCESS,476
1012CA0L0AB0M1C1F,SUCCESS,536
1012CA0L0AB1M0C1F,SUCCESS,536
1012CA0L0AB1M1C1F,SUCCESS,655
1012CA1L0AB0M0C1F,SUCCESS,419
1012CA1L0AB0M1C1F,SUCCESS,479
1012CA1L0AB1M0C1F,SUCCESS,479
1012CA1L0AB1M1C1F,SUCCESS,599
1029CA0L0AB0M0C0E,SUCCESS,424
1029CA0L0AB0M1C0E,SUCCESS,485
1029CA0L0AB1M0C0E,SUCCESS,485
1029CA0L0AB1M1C0E,SUCCESS,606
1029CA0L0AB0M0C1E,SUCCESS,484
1029CA0L0AB0M1C1E,SUCCESS,545
1029CA0L0AB1M0C1E,SUCCESS,545
1029CA0L0AB1M1C1E,SUCCESS,666
1029CA1L0AB0M0C1E,SUCCESS,424
1029CA1L0AB0M1C1E,SUCCESS,485
1029CA1L0AB1M0C1E,SUCCESS,485
1029CA1L0AB1M1C1E,SUCCESS,606
1029CA0L0AB0M0C0F,SUCCESS,424
1029CA0L0AB0M1C0F,SUCCESS,485
1029CA0L0AB1M0C0F,SUCCESS,485
1029CA0L0AB1M1C0F,SUCCESS,606
1029CA0L0AB0M0C1F,SUCCESS,484
1029CA0L0AB0M1C1F,SUCCESS,545
1029CA0L0AB1M0C1F,SUCCESS,545
1029CA0L0AB1M1C1F,SUCCESS,666
1029CA1L0AB0M0C1F,SUCCESS,426
1029CA1L0AB0M1C1F,SUCCESS,487
1029CA1L0AB1M0C1F,SUCCESS,487
1029CA1L0AB1M1C1F,SUCCESS,609
1046CA0L0AB0M0C0E,SUCCESS,431
1046CA0L0AB0M1C0E,SUCCESS,493
1046CA0L0AB1M0C0E,SUCCESS,493
1046CA0L0AB1M1C0E,SUCCESS,616
1046CA0L0AB0M0C1E,SUCCESS,492
1046CA0L0AB0M1C1E,SUCCESS,554
1046CA0L0AB1M0C1E,SUCCESS,554
1046CA0L0AB1M1C1E,SUCCESS,677
1046CA1L0AB0M0C1E,SUCCESS,431
1046CA1L0AB0M1C1E,SUCCESS,493
1046CA1L0AB1M0C1E,SUCCESS,493
1046CA1L0AB1M1C1E,SUCCESS,616
1046CA0L0AB0M0C0F,SUCCESS,431
1046CA0L0AB0M1C0F,SUCCESS,493
1046CA0L0AB1M0C0F,SUCCESS,493
1046CA0L0AB1M1C0F,SUCCESS,616
1046CA0L0AB0M0C1F,SUCCESS,492
1046CA0L0AB0M1C1F,SUCCESS,554
1046CA0L0AB1M0C1F,SUCCESS,554
1046CA0L0AB1M1C1F,SUCCESS,677
1046CA1L0AB0M0C1F,SUCCESS,433
1046CA1L0AB0M1C1F,SUCCESS,495
1046CA1L0AB1M0C1F,SUCCESS,495
1046CA1L0AB1M1C1F,SUCCESS,619
1063CA0L0AB0M0C0E,SUCCESS,438
1063CA0L0AB0M1C0E,SUCCESS,501
1063CA0L0AB1M0C0E,SUCCESS,501
1063CA0L0AB1M1C0E,SUCCESS,626
1063CA0L0AB0M0C1E,SUCCESS,500
1063CA0L0AB0M1C1E,SUCCESS,563
1063CA0L0AB1M0C1E,SUCCESS,563
1063CA0L0AB1M1C1E,SUCCESS,688
1063CA1L0AB0M0C1E,SUCCESS,438
1063CA1L0AB0M1C1E,SUCCESS,501
1063CA1L0AB1M0C1E,SUCCESS,501
1063CA1L0AB1M1C1E,SUCCESS,626
1063CA0L0AB0M0C0F,SUCCESS,438
1063CA0L0AB0M1C0F,SUCCESS,501
1063CA0L0AB1M0C0F,SUCCESS,501
1063CA0L0AB1M1C0F,SUCCESS,626
1063CA0L0AB0M0C1F,SUCCESS,500
1063CA0L0AB0M1C1F,SUCCESS,563
1063CA0L0AB1M0C1F,SUCCESS,563
1063CA0L0AB1M1C1F,SUCCESS,688
1063CA1L0AB0M0C1F,SUCCESS,440
1063CA1L0AB0M1C1F,SUCCESS,503
1063CA1L0AB1M0C1F,SUCCESS,503
1063CA1L0AB1M1C1F,SUCCESS,629
1080CA0L0AB0M0C0E,SUCCESS,445
1080CA0L0AB0M1C0E,SUCCESS,509
1080CA0L0AB1M0C0E,SUCCESS,509
1080CA0L0AB1M1C0E,SUCCESS,636
1080CA0L0AB0M0C1E,SUCCESS,508
1080CA0L0AB0M1C1E,SUCCESS,572
1080CA0L0AB1M0C1E,SUCCESS,572
1080CA0L0AB1M1C1E,SUCCESS,699
1080CA1L0AB0M0C1E,SUCCESS,445
1080CA1L0AB0M1C1E,SUCCESS,509
1080CA1L0AB1M0C1E,SUCCESS,509
1080CA1L0AB1M1C1E,SUCCESS,636
1080CA0L0AB0M0C0F,SUCCESS,445
1080CA0L0AB0M1C0F,SUCCESS,509
1080CA0L0AB1M0C0F,SUCCESS,509
1080CA0L0AB1M1C0F,SUCCESS,636
1080CA0L0AB0M0C1F,SUCCESS,508
1080CA0L0AB0M1C1F,SUCCESS,572
1080CA0L0AB1M0C1F,SUCCESS,572
1080CA0L0AB1M1C1F,SUCCESS,699
1080CA1L0AB0M0C1F,SUCCESS,447
1080CA1L0AB0M1C1F,SUCCESS,511
1080CA1L0AB1M0C1F,SUCCESS,511
1080CA1L0AB1M1C1F,SUCCESS,639
1097CA0L0AB0M0C0E,SUCCESS,452
1097CA0L0AB0M1C0E,SUCCESS,517
1097CA0L0AB1M0C0E,SUCCESS,517
1097CA0L0AB1M1C0E,SUCCESS,646
1097CA0L0AB0M0C1E,SUCCESS,516
1097CA0L0AB0M1C1E,SUCCESS,581
1097CA0L0AB1M0C1E,SUCCESS,581
1097CA0L0AB1M1C1E,SUCCESS,710
1097CA1L0AB0M0C1E,SUCCESS,452
1097CA1L0AB0M1C1E,SUCCESS,517
1097CA1L0AB1M0C1E,SUCCESS,517
1097CA1L0AB1M1C1E,SUCCESS,646
1097CA0L0AB0M0C0F,SUCCESS,452
1097CA0L0AB0M1C0F,SUCCESS,517
1097CA0L0AB1M0C0F,SUCCESS,517
1097CA0L0AB1M1C0F,SUCCESS,646
1097CA0L0AB0M0C1F,SUCCESS,516
1097CA0L0AB0M1C1F,SUCCESS,581
1097CA0L0AB1M0C1F,SUCCESS,581
1097CA0L0AB1M1C1F,SUCCESS,710
1097CA1L0AB0M0C1F,SUCCESS,454
1097CA1L0AB0M1C1F,SUCCESS,519
1097CA1L0AB1M0C1F,SUCCESS,519
1097CA1L0AB1M1C1F,SUCCESS,649
1114CA0L0AB0M0C0E,SUCCESS,459
1114CA0L0AB0M1C0E,SUCCESS,525
1114CA0L0AB1M0C0E,SUCCESS,525
1114CA0L0AB1M1C0E,SUCCESS,656
1114CA0L0AB0M0C1E,SUCCESS,524
1114CA0L0AB0M1C1E,SUCCESS,590
1114CA0L0AB1M0C1E,SUCCESS,590
1114CA0L0AB1M1C1E,SUCCESS,721
1114CA1L0AB0M0C1E,SUCCESS,459
1114CA1L0AB0M1C1E,SUCCESS,525
1114CA1L0AB1M0C1E,SUCCESS,525
1114CA1L0AB1M1C1E,SUCCESS,656
1114CA0L0AB0M0C0F,SUCCESS,459
1114CA0L0AB0M1C0F,SUCCESS,525
1114CA0L0AB1M0C0F,SUCCESS,525
1114CA0L0AB1M1C0F,SUCCESS,656
1114CA0L0AB0M0C1F,SUCCESS,524
1114CA0L0AB0M1C1F,SUCCESS,590
1114CA0L0AB1M0C1F,SUCCESS,590
1114CA0L0AB1M1C1F,SUCCESS,721
1114CA1L0AB0M0C1F,SUCCESS,461
1114CA1L0AB0M1C1F,SUCCESS,527
1114CA1L0AB1M0C1F,SUCCESS,527
1114CA1L0AB1M1C1F,SUCCESS,659
1131CA0L0AB0M0C0E,SUCCESS,466
1131CA0L0AB0M1C0E,SUCCESS,533
1131CA0L0AB1M0C0E,SUCCESS,533
1131CA0L0AB1M1C0E,SUCCESS,666
1131CA0L0AB0M0C1E,SUCCESS,532
1131CA0L0AB0M1C1E,SUCCESS,599
1131CA0L0AB1M0C1E,SUCCESS,599
1131CA0L0AB1M1C1E,SUCCESS,732
1131CA1L0AB0M0C1E,SUCCESS,466
1131CA1L0AB0M1C1E,SUCCESS,533
1131CA1L0AB1M0C1E,SUCCESS,533
1131CA1L0AB1M1C1E,SUCCESS,666
1131CA0L0AB0M0C0F,SUCCESS,466
1131CA0L0AB0M1C0F,SUCCESS,533
1131CA0L0AB1M0C0F,SUCCESS,533
1131CA0L0AB1M1C0F,SUCCESS,666
1131CA0L0AB0M0C1F,SUCCESS,532
1131CA0L0AB0M1C1F,SUCCESS,599
1131CA0L0AB1M0C1F,SUCCESS,599
1131CA0L0AB1M1C1F,SUCCESS,732
1131CA1L0AB0M0C1F,SUCCESS,468
1131CA1L0AB0M1C1F,SUCCESS,535
1131CA1L0AB1M0C1F,SUCCESS,535
1131CA1L0AB1M1C1F,SUCCESS,669
1148CA0L0AB0M0C0E,SUCCESS,473
1148CA0L0AB0M1C0E,SUCCESS,541
1148CA0L0AB1M0C0E,SUCCESS,541
1148CA0L0AB1M1C0E,SUCCESS,676
1148CA0L0AB0M0C1E,SUCCESS,540
1148CA0L0AB0M1C1E,SUCCESS,608
1148CA0L0AB1M0C1E,SUCCESS,608
1148CA0L0AB1M1C1E,SUCCESS,743
1148CA1L0AB0M0C1E,SUCCESS,473
1148CA1L0AB0M1C1E,SUCCESS,541
1148CA1L0AB1M0C1E,SUCCESS,541
1148CA1L0AB1M1C1E,SUCCESS,676
1148CA0L0AB0M0C0F,SUCCESS,473
1148CA0L0AB0M1C0F,SUCCESS,541
1148CA0L0AB1M0C0F,SUCCESS,541
1148CA0L0AB1M1C0F,SUCCESS,676
1148CA0L0AB0M0C1F,SUCCESS,540
1148CA0L0AB0M1C1F,SUCCESS,608
1148CA0L0AB1M0C1F,SUCCESS,608
1148CA0L0AB1M1C1F,SUCCESS,743
1148CA1L0AB0M0C1F,SUCCESS,475
1148CA1L0AB0M1C1F,SUCCESS,543
1148CA1L0AB1M0C1F,SUCCESS,543
1148CA1L0AB1M1C1F,SUCCESS,679
1165CA0L0AB0M0C0E,SUCCESS,480
1165CA0L0AB0M1C0E,SUCCESS,549
1165CA0L0AB1M0C0E,SUCCESS,549
1165CA0L0AB1M1C0E,SUCCESS,686
1165CA0L0AB0M0C1E,SUCCESS,548
1165CA0L0AB0M1C1E,SUCCESS,617
1165CA0L0AB1M0C1E,SUCCESS,617
1165CA0L0AB1M1C1E,SUCCESS,754
1165CA1L0AB0M0C1E,SUCCESS,480
1165CA1L0AB0M1C1E,SUCCESS,549
1165CA1L0AB1M0C1E,SUCCESS,549
1165CA1L0AB1M1C1E,SUCCESS,686
1165CA0L0AB0M0C0F,SUCCESS,480
1165CA0L0AB0M1C0F,SUCCESS,549
1165CA0L0AB1M0C0F,SUCCESS,549
1165CA0L0AB1M1C0F,SUCCESS,686
1165CA0L0AB0M0C1F,SUCCESS,548
1165CA0L0AB0M1C1F,SUCCESS,617
1165CA0L0AB1M0C1F,SUCCESS,617
1165CA0L0AB1M1C1F,SUCCESS,754
1165CA1L0AB0M0C1F,SUCCESS,482
1165CA1L0AB0M1C1F,SUCCESS,551
1165CA1L0AB1M0C1F,SUCCESS,551
1165CA1L0AB1M1C1F,SUCCESS,689
1182CA0L0AB0M0C0E,SUCCESS,487
1182CA0L0AB0M1C0E,SUCCESS,557
1182CA0L0AB1M0C0E,SUCCESS,557
1182CA0L0AB1M1C0E,SUCCESS,696
1182CA0L0AB0M0C1E,SUCCESS,556
1182CA0L0AB0M1C1E,SUCCESS,626
1182CA0L0AB1M0C1E,SUCCESS,626
1182CA0L0AB1M1C1E,SUCCESS,765
1182CA1L0AB0M0C1E,SUCCESS,487
1182CA1L0AB0M1C1E,SUCCESS,557
1182CA1L0AB1M0C1E,SUCCESS,557
1182CA1L0AB1M1C1E,SUCCESS,696
1182CA0L0AB0M0C0F,SUCCESS,487
1182CA0L0AB0M1C0F,SUCCESS,557
1182CA0L0AB1M0C0F,SUCCESS,557
1182CA0L0AB1M1C0F,SUCCESS,696
1182CA0L0AB0M0C1F,SUCCESS,556
1182CA0L0AB0M1C1F,SUCCESS,626
1182CA0L0AB1M0C1F,SUCCESS,626
1182CA0L0AB1M1C1F,SUCCESS,765
1182CA1L0AB0M0C1F,SUCCESS,489
1182CA1L0AB0M1C1F,SUCCESS,559
1182CA1L0AB1M0C1F,SUCCESS,559
1182CA1L0AB1M1C1F,SUCCESS,699
1199CA0L0AB0M0C0E,SUCCESS,494
1199CA0L0AB0M1C0E,SUCCESS,565
1199CA0L0AB1M0C0E,SUCCESS,565
1199CA0L0AB1M1C0E,SUCCESS,706
1199CA0L0AB0M0C1E,SUCCESS,564
1199CA0L0AB0M1C1E,SUCCESS,635
1199CA0L0AB1M0C1E,SUCCESS,635
1199CA0L0AB1M1C1E,SUCCESS,776
1199CA1L0AB0M0C1E,SUCCESS,494
1199CA1L0AB0M1C1E,SUCCESS,565
1199CA1L0AB1M0C1E,SUCCESS,565
1199CA1L0AB1M1C1E,SUCCESS,706
1199CA0L0AB0M0C0F,SUCCESS,494
1199CA0L0AB0M1C0F,SUCCESS,565
1199CA0L0AB1M0C0F,SUCCESS,565
1199CA0L0AB1M1C0F,SUCCESS,706
1199CA0L0AB0M0C1F,SUCCESS,564
1199CA0L0AB0M1C1F,SUCCESS,635
1199CA0L0AB1M0C1F,SUCCESS,635
1199CA0L0AB1M1C1F,SUCCESS,776
1199CA1L0AB0M0C1F,SUCCESS,496
1199CA1L0AB0M1C1F,SUCCESS,567
1199CA1L0AB1M0C1F,SUCCESS,567
1199CA1L0AB1M1C1F,SUCCESS,709
1216CA0L0AB0M0C0E,SUCCESS,501
1216CA0L0AB0M1C0E,SUCCESS,573
1216CA0L0AB1M0C0E,SUCCESS,573
1216CA0L0AB1M1C0E,SUCCESS,716
1216CA0L0AB0M0C1E,SUCCESS,572
1216CA0L0AB0M1C1E,SUCCESS,644
1216CA0L0AB1M0C1E,SUCCESS,644
1216CA0L0AB1M1C1E,SUCCESS,787
1216CA1L0AB0M0C1E,SUCCESS,501
1216CA1L0AB0M1C1E,SUCCESS,573
1216CA1L0AB1M0C1E,SUCCESS,573
1216CA1L0AB1M1C1E,SUCCESS,716
1216CA0L0AB0M0C0F,SUCCESS,501
1216CA0L0AB0M1C0F,SUCCESS,573
1216CA0L0AB1M0C0F,SUCCESS,573
1216CA0L0AB1M1C0F,SUCCESS,716
1216CA0L0AB0M0C1F,SUCCESS,572
1216CA0L0AB0M1C1F,SUCCESS,644
1216CA0L0AB1M0C1F,SUCCESS,644
1216CA0L0AB1M1C1F,SUCCESS,787
1216CA1L0AB0M0C1F,SUCCESS,503
1216CA1L0AB0M1C1F,SUCCESS,575
1216CA1L0AB1M0C1F,SUCCESS,575
1216CA1L0AB1M1C1F,SUCCESS,719
1233CA0L0AB0M0C0E,SUCCESS,508
1233CA0L0AB0M1C0E,SUCCESS,581
1233CA0L0AB1M0C0E,SUCCESS,581
1233CA0L0AB1M1C0E,SUCCESS,726
1233CA0L0AB0M0C1E,SUCCESS,580
1233CA0L0AB0M1C1E,SUCCESS,653
1233CA0L0AB1M0C1E,SUCCESS,653
1233CA0L0AB1M1C1E,SUCCESS,798
1233CA1L0AB0M0C1E,SUCCESS,508
1233CA1L0AB0M1C1E,SUCCESS,581
1233CA1L0AB1M0C1E,SUCCESS,581
1233CA1L0AB1M1C1E,SUCCESS,726
1233CA0L0AB0M0C0F,SUCCESS,508
1233CA0L0AB0M1C0F,SUCCESS,581
1233CA0L0AB1M0C0F,SUCCESS,581
1233CA0L0AB1M1C0F,SUCCESS,726
1233CA0L0AB0M0C1F,SUCCESS,580
1233CA0L0AB0M1C1F,SUCCESS,653
1233CA0L0AB1M0C1F,SUCCESS,653
1233CA0L0AB1M1C1F,SUCCESS,798
1233CA1L0AB0M0C1F,SUCCESS,510
1233CA1L0AB0M1C1F,SUCCESS,583
1233CA1L0AB1M0C1F,SUCCESS,583
1233CA1L0AB1M1C1F,SUCCESS,729
1250CA0L0AB0M0C0E,SUCCESS,515
1250CA0L0AB0M1C0E,SUCCESS,589
1250CA0L0AB1M0C0E,SUCCESS,589
1250CA0L0AB1M1C0E,SUCCESS,736
1250CA0L0AB0M0C1E,SUCCESS,588
1250CA0L0AB0M1C1E,SUCCESS,662
1250CA0L0AB1M0C1E,SUCCESS,662
1250CA0L0AB1M1C1E,SUCCESS,809
1250CA1L0AB0M0C1E,SUCCESS,515
1250CA1L0AB0M1C1E,SUCCESS,589
1250CA1L0AB1M0C1E,SUCCESS,589
1250CA1L0AB1M1C1E,SUCCESS,736
1250CA0L0AB0M0C0F,SUCCESS,515
1250CA0L0AB0M1C0F,SUCCESS,589
1250CA0L0AB1M0C0F,SUCCESS,589
1250CA0L0AB1M1C0F,SUCCESS,736
1250CA0L0AB0M0C1F,SUCCESS,588
1250CA0L0AB0M1C1F,SUCCESS,662
1250CA0L0AB1M0C1F,SUCCESS,662
1250CA0L0AB1M1C1F,SUCCESS,809
1250CA1L0AB0M0C1F,SUCCESS,517
1250CA1L0AB0M1C1F,SUCCESS,591
1250CA1L0AB1M0C1F,SUCCESS,591
1250CA1L0AB1M1C1F,SUCCESS,739
1267CA0L0AB0M0C0E,SUCCESS,522
1267CA0L0AB0M1C0E,SUCCESS,597
1267CA0L0AB1M0C0E,SUCCESS,597
1267CA0L0AB1M1C0E,SUCCESS,746
1267CA0L0AB0M0C1E,SUCCESS,596
1267CA0L0AB0M1C1E,SUCCESS,671
1267CA0L0AB1M0C1E,SUCCESS,671
1267CA0L0AB1M1C1E,SUCCESS,820
1267CA1L0AB0M0C1E,SUCCESS,522
1267CA1L0AB0M1C1E,SUCCESS,597
1267CA1L0AB1M0C1E,SUCCESS,597
1267CA1L0AB1M1C1E,SUCCESS,746
1267CA0L0AB0M0C0F,SUCCESS,522
1267CA0L0AB0M1C0F,SUCCESS,597
1267CA0L0AB1M0C0F,SUCCESS,597
1267CA0L0AB1M1C0F,SUCCESS,746
1267CA0L0AB0M0C1F,SUCCESS,596
1267CA0L0AB0M1C1F,SUCCESS,671
1267CA0L0AB1M0C1F,SUCCESS,671
1267CA0L0AB1M1C1F,SUCCESS,820
1267CA1L0AB0M0C1F,SUCCESS,524
1267CA1L0AB0M1C1F,SUCCESS,599
1267CA1L0AB1M0C1F,SUCCESS,599
1267CA1L0AB1M1C1F,SUCCESS,749
1284CA0L0AB0M0C0E,SUCCESS,529
1284CA0L0AB0M1C0E,SUCCESS,605
1284CA0L0AB1M0C0E,SUCCESS,605
1284CA0L0AB1M1C0E,SUCCESS,756
1284CA0L0AB0M0C1E,SUCCESS,604
1284CA0L0AB0M1C1E,SUCCESS,680
1284CA0L0AB1M0C1E,SUCCESS,680
1284CA0L0AB1M1C1E,SUCCESS,831
1284CA1L0AB0M0C1E,SUCCESS,529
1284CA1L0AB0M1C1E,SUCCESS,605
1284CA1L0AB1M0C1E,SUCCESS,605
1284CA1L0AB1M1C1E,SUCCESS,756
1284CA0L0AB0M0C0F,SUCCESS,529
1284CA0L0AB0M1C0F,SUCCESS,605
1284CA0L0AB1M0C0F,SUCCESS,605
1284CA0L0AB1M1C0F,SUCCESS,756
1284CA0L0AB0M0C1F,SUCCESS,604
1284CA0L0AB0M1C1F,SUCCESS,680
1284CA0L0AB1M0C1F,SUCCESS,680
1284CA0L0AB1M1C1F,SUCCESS,831
1284CA1L0AB0M0C1F,SUCCESS,531
1284CA1L0AB0M1C1F,SUCCESS,607
1284CA1L0AB1M0C1F,SUCCESS,607
1284CA1L0AB1M1C1F,SUCCESS,759
1301CA0L0AB0M0C0E,SUCCESS,536
1301CA0L0AB0M1C0E,SUCCESS,613
1301CA0L0AB1M0C0E,SUCCESS,613
1301CA0L0AB1M1C0E,SUCCESS,766
1301CA0L0AB0M0C1E,SUCCESS,612
1301CA0L0AB0M1C1E,SUCCESS,689
1301CA0L0AB1M0C1E,SUCCESS,689
1301CA0L0AB1M1C1E,SUCCESS,842
1301CA1L0AB0M0C1E,SUCCESS,536
1301CA1L0AB0M1C1E,SUCCESS,613
1301CA1L0AB1M0C1E,SUCCESS,613
1301CA1L0AB1M1C1E,SUCCESS,766
1301CA0L0AB0M0C0F,SUCCESS,536
1301CA0L0AB0M1C0F,SUCCESS,613
1301CA0L0AB1M0C0F,SUCCESS,613
1301CA0L0AB1M1C0F,SUCCESS,766
1301CA0L0AB0M0C1F,SUCCESS,612
1301CA0L0AB0M1C1F,SUCCESS,689
1301CA0L0AB1M0C1F,SUCCESS,689
1301CA0L0AB1M1C1F,SUCCESS,842
1301CA1L0AB0M0C1F,SUCCESS,538
1301CA1L0AB0M1C1F,SUCCESS,615
1301CA1L0AB1M0C1F,SUCCESS,615
1301CA1L0AB1M1C1F,SUCCESS,769
1318CA0L0AB0M0C0E,SUCCESS,543
1318CA0L0AB0M1C0E,SUCCESS,621
1318CA0L0AB1M0C0E,SUCCESS,621
1318CA0L0AB1M1C0E,SUCCESS,776
1318CA0L0AB0M0C1E,SUCCESS,620
1318CA0L0AB0M1C1E,SUCCESS,698
1318CA0L0AB1M0C1E,SUCCESS,698
1318CA0L0AB1M1C1E,SUCCESS,853
1318CA1L0AB0M0C1E,SUCCESS,543
1318CA1L0AB0M1C1E,SUCCESS,621
1318CA1L0AB1M0C1E,SUCCESS,621
1318CA1L0AB1M1C1E,SUCCESS,776
1318CA0L0AB0M0C0F,SUCCESS,543
1318CA0L0AB0M1C0F,SUCCESS,621
1318CA0L0AB1M0C0F,SUCCESS,621
1318CA0L0AB1M1C0F,SUCCESS,776
1318CA0L0AB0M0C1F,SUCCESS,620
1318CA0L0AB0M1C1F,SUCCESS,698
1318CA0L0AB1M0C1F,SUCCESS,698
1318CA0L0AB1M1C1F,SUCCESS,853
1318CA1L0AB0M0C1F,SUCCESS,545
1318CA1L0AB0M1C1F,SUCCESS,623
1318CA1L0AB1M0C1F,SUCCESS,623
1318CA1L0AB1M1C1F,SUCCESS,779
1335CA0L0AB0M0C0E,SUCCESS,550
1335CA0L0AB0M1C0E,SUCCESS,629
1335CA0L0AB1M0C0E,SUCCESS,629
1335CA0L0AB1M1C0E,SUCCESS,786
1335CA0L0AB0M0C1E,SUCCESS,628
1335CA0L0AB0M1C1E,SUCCESS,707
1335CA0L0AB1M0C1E,SUCCESS,707
1335CA0L0AB1M1C1E,SUCCESS,864
1335CA1L0AB0M0C1E,SUCCESS,550
1335CA1L0AB0M1C1E,SUCCESS,629
1335CA1L0AB1M0C1E,SUCCESS,629
1335CA1L0AB1M1C1E,SUCCESS,786
1335CA0L0AB0M0C0F,SUCCESS,550
1335CA0L0AB0M1C0F,SUCCESS,629
1335CA0L0AB1M0C0F,SUCCESS,629
1335CA0L0AB1M1C0F,SUCCESS,786
1335CA0L0AB0M0C1F,SUCCESS,628
1335CA0L0AB0M1C1F,SUCCESS,707
1335CA0L0AB1M0C1F,SUCCESS,707
1335CA0L0AB1M1C1F,SUCCESS,864
1335CA1L0AB0M0C1F,SUCCESS,552
1335CA1L0AB0M1C1F,SUCCESS,631
1335CA1L0AB1M0C1F,SUCCESS,631
1335CA1L0AB1M1C1F,SUCCESS,789
1352CA0L0AB0M0C0E,SUCCESS,557
1352CA0L0AB0M1C0E,SUCCESS,637
1352CA0L0AB1M0C0E,SUCCESS,637
1352CA0L0AB1M1C0E,SUCCESS,796
1352CA0L0AB0M0C1E,SUCCESS,636
1352CA0L0AB0M1C1E,SUCCESS,716
1352CA0L0AB1M0C1E,SUCCESS,716
1352CA0L0AB1M1C1E,SUCCESS,875
1352CA1L0AB0M0C1E,SUCCESS,557
1352CA1L0AB0M1C1E,SUCCESS,637
1352CA1L0AB1M0C1E,SUCCESS,637
1352CA1L0AB1M1C1E,SUCCESS,796
1352CA0L0AB0M0C0F,SUCCESS,557
1352CA0L0AB0M1C0F,SUCCESS,637
1352CA0L0AB1M0C0F,SUCCESS,637
1352CA0L0AB1M1C0F,SUCCESS,796
1352CA0L0AB0M0C1F,SUCCESS,636
1352CA0L0AB0M1C1F,SUCCESS,716
1352CA0L0AB1M0C1F,SUCCESS,716
1352CA0L0AB1M1C1F,SUCCESS,875
1352CA1L0AB0M0C1F,SUCCESS,559
1352CA1L0AB0M1C1F,SUCCESS,639
1352CA1L0AB1M0C1F,SUCCESS,639
1352CA1L0AB1M1C1F,SUCCESS,799
1369CA0L0AB0M0C0E,SUCCESS,564
1369CA0L0AB0M1C0E,SUCCESS,645
1369CA0L0AB1M0C0E,SUCCESS,645
1369CA0L0AB1M1C0E,SUCCESS,806
1369CA0L0AB0M0C1E,SUCCESS,644
1369CA0L0AB0M1C1E,SUCCESS,725
1369CA0L0AB1M0C1E,SUCCESS,725
1369CA0L0AB1M1C1E,SUCCESS,886
1369CA1L0AB0M0C1E,SUCCESS,564
1369CA1L0AB0M1C1E,SUCCESS,645
1369CA1L0AB1M0C1E,SUCCESS,645
1369CA1L0AB1M1C1E,SUCCESS,806
1369CA0L0AB0M0C0F,SUCCESS,564
1369CA0L0AB0M1C0F,SUCCESS,645
1369CA0L0AB1M0C0F,SUCCESS,645
1369CA0L0AB1M1C0F,SUCCESS,806
1369CA0L0AB0M0C1F,SUCCESS,644
1369CA0L0AB0M1C1F,SUCCESS,725
1369CA0L0AB1M0C1F,SUCCESS,725
1369CA0L0AB1M1C1F,SUCCESS,886
1369CA1L0AB0M0C1F,SUCCESS,566
1369CA1L0AB0M1C1F,SUCCESS,647
1369CA1L0AB1M0C1F,SUCCESS,647
1369CA1L0AB1M1C1F,SUCCESS,809
1386CA0L0AB0M0C0E,SUCCESS,571
1386CA0L0AB0M1C0E,SUCCESS,653
1386CA0L0AB1M0C0E,SUCCESS,653
1386CA0L0AB1M1C0E,SUCCESS,816
1386CA0L0AB0M0C1E,SUCCESS,652
1386CA0L0AB0M1C1E,SUCCESS,734
1386CA0L0AB1M0C1E,SUCCESS,734
1386CA0L0AB1M1C1E,SUCCESS,897
1386CA1L0AB0M0C1E,SUCCESS,571
1386CA1L0AB0M1C1E,SUCCESS,653
1386CA1L0AB1M0C1E,SUCCESS,653
1386CA1L0AB1M1C1E,SUCCESS,816
1386CA0L0AB0M0C0F,SUCCESS,571
1386CA0L0AB0M1C0F,SUCCESS,653
1386CA0L0AB1M0C0F,SUCCESS,653
1386CA0L0AB1M1C0F,SUCCESS,816
1386CA0L0AB0M0C1F,SUCCESS,652
1386CA0L0AB0M1C1F,SUCCESS,734
1386CA0L0AB1M0C1F,SUCCESS,734
1386CA0L0AB1M1C1F,SUCCESS,897
1386CA1L0AB0M0C1F,SUCCESS,573
1386CA1L0AB0M1C1F,SUCCESS,655
1386CA1L0AB1M0C1F,SUCCESS,655
1386CA1L0AB1M1C1F,SUCCESS,819
1403CA0L0AB0M0C0E,SUCCESS,578
1403CA0L0AB0M1C0E,SUCCESS,661
1403CA0L0AB1M0C0E,SUCCESS,661
1403CA0L0AB1M1C0E,SUCCESS,826
1403CA0L0AB0M0C1E,SUCCESS,660
1403CA0L0AB0M1C1E,SUCCESS,743
1403CA0L0AB1M0C1E,SUCCESS,743
1403CA0L0AB1M1C1E,SUCCESS,908
1403CA1L0AB0M0C1E,SUCCESS,578
1403CA1L0AB0M1C1E,SUCCESS,661
1403CA1L0AB1M0C1E,SUCCESS,661
1403CA1L0AB1M1C1E,SUCCESS,826
1403CA0L0AB0M0C0F,SUCCESS,578
1403CA0L0AB0M1C0F,SUCCESS,661
1403CA0L0AB1M0C0F,SUCCESS,661
1403CA0L0AB1M1C0F,SUCCESS,826
1403CA0L0AB0M0C1F,SUCCESS,660
1403CA0L0AB0M1C1F,SUCCESS,743
1403CA0L0AB1M0C1F,SUCCESS,743
1403CA0L0AB1M1C1F,SUCCESS,908
1403CA1L0AB0M0C1F,SUCCESS,580
1403CA1L0AB0M1C1F,SUCCESS,663
1403CA1L0AB1M0C1F,SUCCESS,663
1403CA1L0AB1M1C1F,SUCCESS,829
1420CA0L0AB0M0C0E,SUCCESS,585
1420CA0L0AB0M1C0E,SUCCESS,669
1420CA0L0AB1M0C0E,SUCCESS,669
1420CA0L0AB1M1C0E,SUCCESS,836
1420CA0L0AB0M0C1E,SUCCESS,668
1420CA0L0AB0M1C1E,SUCCESS,752
1420CA0L0AB1M0C1E,SUCCESS,752
1420CA0L0AB1M1C1E,SUCCESS,919
1420CA1L0AB0M0C1E,SUCCESS,585
1420CA1L0AB0M1C1E,SUCCESS,669
1420CA1L0AB1M0C1E,SUCCESS,669
1420CA1L0AB1M1C1E,SUCCESS,836
1420CA0L0AB0M0C0F,SUCCESS,585
1420CA0L0AB0M1C0F,SUCCESS,669
1420CA0L0AB1M0C0F,SUCCESS,669
1420CA0L0AB1M1C0F,SUCCESS,836
1420CA0L0AB0M0C1F,SUCCESS,668
1420CA0L0AB0M1C1F,SUCCESS,752
1420CA0L0AB1M0C1F,SUCCESS,752
1420CA0L0AB1M1C1F,SUCCESS,919
1420CA1L0AB0M0C1F,SUCCESS,587
1420CA1L0AB0M1C1F,SUCCESS,671
1420CA1L0AB1M0C1F,SUCCESS,671
1420CA1L0AB1M1C1F,SUCCESS,839
1437CA0L0AB0M0C0E,SUCCESS,592
1437CA0L0AB0M1C0E,SUCCESS,677
1437CA0L0AB1M0C0E,SUCCESS,677
1437CA0L0AB1M1C0E,SUCCESS,846
1437CA0L0AB0M0C1E,SUCCESS,676
1437CA0L0AB0M1C1E,SUCCESS,761
1437CA0L0AB1M0C1E,SUCCESS,761
1437CA0L0AB1M1C1E,SUCCESS,930
1437CA1L0AB0M0C1E,SUCCESS,592
1437CA1L0AB0M1C1E,SUCCESS,677
1437CA1L0AB1M0C1E,SUCCESS,677
1437CA1L0AB1M1C1E,SUCCESS,846
1437CA0L0AB0M0C0F,SUCCESS,592
1437CA0L0AB0M1C0F,SUCCESS,677
1437CA0L0AB1M0C0F,SUCCESS,677
1437CA0L0AB1M1C0F,SUCCESS,846
1437CA0L0AB0M0C1F,SUCCESS,676
1437CA0L0AB0M1C1F,SUCCESS,761
1437CA0L0AB1M0C1F,SUCCESS,761
1437CA0L0AB1M1C1F,SUCCESS,930
1437CA1L0AB0M0C1F,SUCCESS,594
1437CA1L0AB0M1C1F,SUCCESS,679
1437CA1L0AB1M0C1F,SUCCESS,679
1437CA1L0AB1M1C1F,SUCCESS,849
1454CA0L0AB0M0C0E,SUCCESS,599
1454CA0L0AB0M1C0E,SUCCESS,685
1454CA0L0AB1M0C0E,SUCCESS,685
1454CA0L0AB1M1C0E,SUCCESS,856
1454CA0L0AB0M0C1E,SUCCESS,684
1454CA0L0AB0M1C1E,SUCCESS,770
1454CA0L0AB1M0C1E,SUCCESS,770
1454CA0L0AB1M1C1E,SUCCESS,941
1454CA1L0AB0M0C1E,SUCCESS,599
1454CA1L0AB0M1C1E,SUCCESS,685
1454CA1L0AB1M0C1E,SUCCESS,685
1454CA1L0AB1M1C1E,SUCCESS,856
1454CA0L0AB0M0C0F,SUCCESS,599
1454CA0L0AB0M1C0F,SUCCESS,685
1454CA0L0AB1M0C0F,SUCCESS,685
1454CA0L0AB1M1C0F,SUCCESS,856
1454CA0L0AB0M0C1F,SUCCESS,684
1454CA0L0AB0M1C1F,SUCCESS,770
1454CA0L0AB1M0C1F,SUCCESS,770
1454CA0L0AB1M1C1F,SUCCESS,941
1454CA1L0AB0M0C1F,SUCCESS,601
1454CA1L0AB0M1C1F,SUCCESS,687
1454CA1L0AB1M0C1F,SUCCESS,687
1454CA1L0AB1M1C1F,SUCCESS,859
1471CA0L0AB0M0C0E,SUCCESS,606
1471CA0L0AB0M1C0E,SUCCESS,693
1471CA0L0AB1M0C0E,SUCCESS,693
1471CA0L0AB1M1C0E,SUCCESS,866
1471CA0L0AB0M0C1E,SUCCESS,692
1471CA0L0AB0M1C1E,SUCCESS,779
1471CA0L0AB1M0C1E,SUCCESS,779
1471CA0L0AB1M1C1E,SUCCESS,952
1471CA1L0AB0M0C1E,SUCCESS,606
1471CA1L0AB0M1C1E,SUCCESS,693
1471CA1L0AB1M0C1E,SUCCESS,693
1471CA1L0AB1M1C1E,SUCCESS,866
1471CA0L0AB0M0C0F,SUCCESS,606
1471CA0L0AB0M1C0F,SUCCESS,693
1471CA0L0AB1M0C0F,SUCCESS,693
1471CA0L0AB1M1C0F,SUCCESS,866
1471CA0L0AB0M0C1F,SUCCESS,692
1471CA0L0AB0M1C1F,SUCCESS,779
1471CA0L0AB1M0C1F,SUCCESS,779
1471CA0L0AB1M1C1F,SUCCESS,952
1471CA1L0AB0M0C1F,SUCCESS,608
1471CA1L0AB0M1C1F,SUCCESS,695
1471CA1L0AB1M0C1F,SUCCESS,695
1471CA1L0AB1M1C1F,SUCCESS,869
1488CA0L0AB0M0C0E,SUCCESS,613
1488CA0L0AB0M1C0E,SUCCESS,701
1488CA0L0AB1M0C0E,SUCCESS,701
1488CA0L0AB1M1C0E,SUCCESS,876
1488CA0L0AB0M0C1E,SUCCESS,700
1488CA0L0AB0M1C1E,SUCCESS,788
1488CA0L0AB1M0C1E,SUCCESS,788
1488CA0L0AB1M1C1E,SUCCESS,963
1488CA1L0AB0M0C1E,SUCCESS,613
1488CA1L0AB0M1C1E,SUCCESS,701
1488CA1L0AB1M0C1E,SUCCESS,701
1488CA1L0AB1M1C1E,SUCCESS,876
1488CA0L0AB0M0C0F,SUCCESS,613
1488CA0L0AB0M1C0F,SUCCESS,701
1488CA0L0AB1M0C0F,SUCCESS,701
1488CA0L0AB1M1C0F,SUCCESS,876
1488CA0L0AB0M0C1F,SUCCESS,700
1488CA0L0AB0M1C1F,SUCCESS,788
1488CA0L0AB1M0C1F,SUCCESS,788
1488CA0L0AB1M1C1F,SUCCESS,963
1488CA1L0AB0M0C1F,SUCCESS,615
1488CA1L0AB0M1C1F,SUCCESS,703
1488CA1L0AB1M0C1F,SUCCESS,703
1488CA1L0AB1M1C1F,SUCCESS,879
1505CA0L0AB0M0C0E,SUCCESS,620
1505CA0L0AB0M1C0E,SUCCESS,709
1505CA0L0AB1M0C0E,SUCCESS,709
1505CA0L0AB1M1C0E,SUCCESS,886
1505CA0L0AB0M0C1E,SUCCESS,708
1505CA0L0AB0M1C1E,SUCCESS,797
1505CA0L0AB1M0C1E,SUCCESS,797
1505CA0L0AB1M1C1E,SUCCESS,974
1505CA1L0AB0M0C1E,SUCCESS,620
1505CA1L0AB0M1C1E,SUCCESS,709
1505CA1L0AB1M0C1E,SUCCESS,709
1505CA1L0AB1M1C1E,SUCCESS,886
1505CA0L0AB0M0C0F,SUCCESS,620
1505CA0L0AB0M1C0F,SUCCESS,709
1505CA0L0AB1M0C0F,SUCCESS,709
1505CA0L0AB1M1C0F,SUCCESS,886
1505CA0L0AB0M0C1F,SUCCESS,708
1505CA0L0AB0M1C1F,SUCCESS,797
1505CA0L0AB1M0C1F,SUCCESS,797
1505CA0L0AB1M1C1F,SUCCESS,974
1505CA1L0AB0M0C1F,SUCCESS,622
1505CA1L0AB0M1C1F,SUCCESS,711
1505CA1L0AB1M0C1F,SUCCESS,711
1505CA1L0AB1M1C1F,SUCCESS,889
1522CA0L0AB0M0C0E,SUCCESS,627
1522CA0L0AB0M1C0E,SUCCESS,717
1522CA0L0AB1M0C0E,SUCCESS,717
1522CA0L0AB1M1C0E,SUCCESS,896
1522CA0L0AB0M0C1E,SUCCESS,716
1522CA0L0AB0M1C1E,SUCCESS,806
1522CA0L0AB1M0C1E,SUCCESS,806
1522CA0L0AB1M1C1E,SUCCESS,985
1522CA1L0AB0M0C1E,SUCCESS,627
1522CA1L0AB0M1C1E,SUCCESS,717
1522CA1L0AB1M0C1E,SUCCESS,717
1522CA1L0AB1M1C1E,SUCCESS,896
1522CA0L0AB0M0C0F,SUCCESS,627
1522CA0L0AB0M1C0F,SUCCESS,717
1522CA0L0AB1M0C0F,SUCCESS,717
1522CA0L0AB1M1C0F,SUCCESS,896
1522CA0L0AB0M0C1F,SUCCESS,716
1522CA0L0AB0M1C1F,SUCCESS,806
1522CA0L0AB1M0C1F,SUCCESS,806
1522CA0L0AB1M1C1F,SUCCESS,985
1522CA1L0AB0M0C1F,SUCCESS,629
1522CA1L0AB0M1C1F,SUCCESS,719
1522CA1L0AB1M0C1F,SUCCESS,719
1522CA1L0AB1M1C1F,SUCCESS,899
1539CA0L0AB0M0C0E,SUCCESS,634
1539CA0L0AB0M1C0E,SUCCESS,725
1539CA0L0AB1M0C0E,SUCCESS,725
1539CA0L0AB1M1C0E,SUCCESS,906
1539CA0L0AB0M0C1E,SUCCESS,724
1539CA0L0AB0M1C1E,SUCCESS,815
1539CA0L0AB1M0C1E,SUCCESS,815
1539CA0L0AB1M1C1E,SUCCESS,996
1539CA1L0AB0M0C1E,SUCCESS,634
1539CA1L0AB0M1C1E,SUCCESS,725
1539CA1L0AB1M0C1E,SUCCESS,725
1539CA1L0AB1M1C1E,SUCCESS,906
1539CA0L0AB0M0C0F,SUCCESS,634
1539CA0L0AB0M1C0F,SUCCESS,725
1539CA0L0AB1M0C0F,SUCCESS,725
1539CA0L0AB1M1C0F,SUCCESS,906
1539CA0L0AB0M0C1F,SUCCESS,724
1539CA0L0AB0M1C1F,SUCCESS,815
1539CA0L0AB1M0C1F,SUCCESS,815
1539CA0L0AB1M1C1F,SUCCESS,996
1539CA1L0AB0M0C1F,SUCCESS,636
1539CA1L0AB0M1C1F,SUCCESS,727
1539CA1L0AB1M0C1F,SUCCESS,727
1539CA1L0AB1M1C1F,SUCCESS,909
1556CA0L0AB0M0C0E,SUCCESS,641
1556CA0L0AB0M1C0E,SUCCESS,733
1556CA0L0AB1M0C0E,SUCCESS,733
1556CA0L0AB1M1C0E,SUCCESS,916
1556CA0L0AB0M0C1E,SUCCESS,732
1556CA0L0AB0M1C1E,SUCCESS,824
1556CA0L0AB1M0C1E,SUCCESS,824
1556CA0L0AB1M1C1E,SUCCESS,1007
1556CA1L0AB0M0C1E,SUCCESS,641
1556CA1L0AB0M1C1E,SUCCESS,733
1556CA1L0AB1M0C1E,SUCCESS,733
1556CA1L0AB1M1C1E,SUCCESS,916
1556CA0L0AB0M0C0F,SUCCESS,641
1556CA0L0AB0M1C0F,SUCCESS,733
1556CA0L0AB1M0C0F,SUCCESS,733
1556CA0L0AB1M1C0F,SUCCESS,916
1556CA0L0AB0M0C1F,SUCCESS,732
1556CA0L0AB0M1C1F,SUCCESS,824
1556CA0L0AB1M0C1F,SUCCESS,824
1556CA0L0AB1M1C1F,SUCCESS,1007
1556CA1L0AB0M0C1F,SUCCESS,643
1556CA1L0AB0M1C1F,SUCCESS,735
1556CA1L0AB1M0C1F,SUCCESS,735
1556CA1L0AB1M1C1F,SUCCESS,919
1573CA0L0AB0M0C0E,SUCCESS,648
1573CA0L0AB0M1C0E,SUCCESS,741
1573CA0L0AB1M0C0E,SUCCESS,741
1573CA0L0AB1M1C0E,SUCCESS,926
1573CA0L0AB0M0C1E,SUCCESS,740
1573CA0L0AB0M1C1E,SUCCESS,833
1573CA0L0AB1M0C1E,SUCCESS,833
1573CA0L0AB1M1C1E,SUCCESS,1018
1573CA1L0AB0M0C1E,SUCCESS,648
1573CA1L0AB0M1C1E,SUCCESS,741
1573CA1L0AB1M0C1E,SUCCESS,741
1573CA1L0AB1M1C1E,SUCCESS,926
1573CA0L0AB0M0C0F,SUCCESS,648
1573CA0L0AB0M1C0F,SUCCESS,741
1573CA0L0AB1M0C0F,SUCCESS,741
1573CA0L0AB1M1C0F,SUCCESS,926
1573CA0L0AB0M0C1F,SUCCESS,740
1573CA0L0AB0M1C1F,SUCCESS,833
1573CA0L0AB1M0C1F,SUCCESS,833
1573CA0L0AB1M1C1F,SUCCESS,1018
1573CA1L0AB0M0C1F,SUCCESS,650
1573CA1L0AB0M1C1F,SUCCESS,743
1573CA1L0AB1M0C1F,SUCCESS,743
1573CA1L0AB1M1C1F,SUCCESS,929
1590CA0L0AB0M0C0E,SUCCESS,655
1590CA0L0AB0M1C0E,SUCCESS,749
1590CA0L0AB1M0C0E,SUCCESS,749
1590CA0L0AB1M1C0E,SUCCESS,936
1590CA0L0AB0M0C1E,SUCCESS,748
1590CA0L0AB0M1C1E,SUCCESS,842
1590CA0L0AB1M0C1E,SUCCESS,842
1590CA0L0AB1M1C1E,SUCCESS,1029
1590CA1L0AB0M0C1E,SUCCESS,655
1590CA1L0AB0M1C1E,SUCCESS,749
1590CA1L0AB1M0C1E,SUCCESS,749
1590CA1L0AB1M1C1E,SUCCESS,936
1590CA0L0AB0M0C0F,SUCCESS,655
1590CA0L0AB0M1C0F,SUCCESS,749
1590CA0L0AB1M0C0F,SUCCESS,749
1590CA0L0AB1M1C0F,SUCCESS,936
1590CA0L0AB0M0C1F,SUCCESS,748
1590CA0L0AB0M1C1F,SUCCESS,842
1590CA0L0AB1M0C1F,SUCCESS,842
1590CA0L0AB1M1C1F,SUCCESS,1029
1590CA1L0AB0M0C1F,SUCCESS,657
1590CA1L0AB0M1C1F,SUCCESS,751
1590CA1L0AB1M0C1F,SUCCESS,751
1590CA1L0AB1M1C1F,SUCCESS,939
1607CA0L0AB0M0C0E,SUCCESS,662
1607CA0L0AB0M1C0E,SUCCESS,757
1607CA0L0AB1M0C0E,SUCCESS,757
1607CA0L0AB1M1C0E,SUCCESS,946
1607CA0L0AB0M0C1E,SUCCESS,756
1607CA0L0AB0M1C1E,SUCCESS,851
1607CA0L0AB1M0C1E,SUCCESS,851
1607CA0L0AB1M1C1E,SUCCESS,1040
1607CA1L0AB0M0C1E,SUCCESS,662
1607CA1L0AB0M1C1E,SUCCESS,757
1607CA1L0AB1M0C1E,SUCCESS,757
1607CA1L0AB1M1C1E,SUCCESS,946
1607CA0L0AB0M0C0F,SUCCESS,662
1607CA0L0AB0M1C0F,SUCCESS,757
1607CA0L0AB1M0C0F,SUCCESS,757
1607CA0L0AB1M1C0F,SUCCESS,946
1607CA0L0AB0M0C1F,SUCCESS,756
1607CA0L0AB0M1C1F,SUCCESS,851
1607CA0L0AB1M0C1F,SUCCESS,851
1607CA0L0AB1M1C1F,SUCCESS,1040
1607CA1L0AB0M0C1F,SUCCESS,664
1607CA1L0AB0M1C1F,SUCCESS,759
1607CA1L0AB1M0C1F,SUCCESS,759
1607CA1L0AB1M1C1F,SUCCESS,949
1624CA0L0AB0M0C0E,SUCCESS,669
1624CA0L0AB0M1C0E,SUCCESS,765
1624CA0L0AB1M0C0E,SUCCESS,765
1624CA0L0AB1M1C0E,SUCCESS,956
1624CA0L0AB0M0C1E,SUCCESS,764
1624CA0L0AB0M1C1E,SUCCESS,860
1624CA0L0AB1M0C1E,SUCCESS,860
1624CA0L0AB1M1C1E,SUCCESS,1051
1624CA1L0AB0M0C1E,SUCCESS,669
1624CA1L0AB0M1C1E,SUCCESS,765
1624CA1L0AB1M0C1E,SUCCESS,765
1624CA1L0AB1M1C1E,SUCCESS,956
1624CA0L0AB0M0C0F,SUCCESS,669
1624CA0L0AB0M1C0F,SUCCESS,765
1624CA0L0AB1M0C0F,SUCCESS,765
1624CA0L0AB1M1C0F,SUCCESS,956
1624CA0L0AB0M0C1F,SUCCESS,764
1624CA0L0AB0M1C1F,SUCCESS,860
1624CA0L0AB1M0C1F,SUCCESS,860
1624CA0L0AB1M1C1F,SUCCESS,1051
1624CA1L0AB0M0C1F,SUCCESS,671
1624CA1L0AB0M1C1F,SUCCESS,767
1624CA1L0AB1M0C1F,SUCCESS,767
1624CA1L0AB1M1C1F,SUCCESS,959
1641CA0L0AB0M0C0E,SUCCESS,676
1641CA0L0AB0M1C0E,SUCCESS,773
1641CA0L0AB1M0C0E,SUCCESS,773
1641CA0L0AB1M1C0E,SUCCESS,966
1641CA0L0AB0M0C1E,SUCCESS,772
1641CA0L0AB0M1C1E,SUCCESS,869
1641CA0L0AB1M0C1E,SUCCESS,869
1641CA0L0AB1M1C1E,SUCCESS,1062
1641CA1L0AB0M0C1E,SUCCESS,676
1641CA1L0AB0M1C1E,SUCCESS,773
1641CA1L0AB1M0C1E,SUCCESS,773
1641CA1L0AB1M1C1E,SUCCESS,966
1641CA0L0AB0M0C0F,SUCCESS,676
1641CA0L0AB0M1C0F,SUCCESS,773
1641CA0L0AB1M0C0F,SUCCESS,773
1641CA0L0AB1M1C0F,SUCCESS,966
1641CA0L0AB0M0C1F,SUCCESS,772
1641CA0L0AB0M1C1F,SUCCESS,869
1641CA0L0AB1M0C1F,SUCCESS,869
1641CA0L0AB1M1C1F,SUCCESS,1062
1641CA1L0AB0M0C1F,SUCCESS,678
1641CA1L0AB0M1C1F,SUCCESS,775
1641CA1L0AB1M0C1F,SUCCESS,775
1641CA1L0AB1M1C1F,SUCCESS,969
1658CA0L0AB0M0C0E,SUCCESS,683
1658CA0L0AB0M1C0E,SUCCESS,781
1658CA0L0AB1M0C0E,SUCCESS,781
1658CA0L0AB1M1C0E,SUCCESS,976
1658CA0L0AB0M0C1E,SUCCESS,780
1658CA0L0AB0M1C1E,SUCCESS,878
1658CA0L0AB1M0C1E,SUCCESS,878
1658CA0L0AB1M1C1E,SUCCESS,1073
1658CA1L0AB0M0C1E,SUCCESS,683
1658CA1L0AB0M1C1E,SUCCESS,781
1658CA1L0AB1M0C1E,SUCCESS,781
1658CA1L0AB1M1C1E,SUCCESS,976
1658CA0L0AB0M0C0F,SUCCESS,683
1658CA0L0AB0M1C0F,SUCCESS,781
1658CA0L0AB1M0C0F,SUCCESS,781
1658CA0L0AB1M1C0F,SUCCESS,976
1658CA0L0AB0M0C1F,SUCCESS,780
1658CA0L0AB0M1C1F,SUCCESS,878
1658CA0L0AB1M0C1F,SUCCESS,878
1658CA0L0AB1M1C1F,SUCCESS,1073
1658CA1L0AB0M0C1F,SUCCESS,685
1658CA1L0AB0M1C1F,SUCCESS,783
1658CA1L0AB1M0C1F,SUCCESS,783
1658CA1L0AB1M1C1F,SUCCESS,979
1675CA0L0AB0M0C0E,SUCCESS,690
1675CA0L0AB0M1C0E,SUCCESS,789
1675CA0L0AB1M0C0E,SUCCESS,789
1675CA0L0AB1M1C0E,SUCCESS,986
1675CA0L0AB0M0C1E,SUCCESS,788
1675CA0L0AB0M1C1E,SUCCESS,887
1675CA0L0AB1M0C1E,SUCCESS,887
1675CA0L0AB1M1C1E,SUCCESS,1084
1675CA1L0AB0M0C1E,SUCCESS,690
1675CA1L0AB0M1C1E,SUCCESS,789
1675CA1L0AB1M0C1E,SUCCESS,789
1675CA1L0AB1M1C1E,SUCCESS,986
1675CA0L0AB0M0C0F,SUCCESS,690
1675CA0L0AB0M1C0F,SUCCESS,789
1675CA0L0AB1M0C0F,SUCCESS,789
1675CA0L0AB1M1C0F,SUCCESS,986
1675CA0L0AB0M0C1F,SUCCESS,788
1675CA0L0AB0M1C1F,SUCCESS,887
1675CA0L0AB1M0C1F,SUCCESS,887
1675CA0L0AB1M1C1F,SUCCESS,1084
1675CA1L0AB0M0C1F,SUCCESS,692
1675CA1L0AB0M1C1F,SUCCESS,791
1675CA1L0AB1M0C1F,SUCCESS,791
1675CA1L0AB1M1C1F,SUCCESS,989
1692CA0L0AB0M0C0E,SUCCESS,697
1692CA0L0AB0M1C0E,SUCCESS,797
1692CA0L0AB1M0C0E,SUCCESS,797
1692CA0L0AB1M1C0E,SUCCESS,996
1692CA0L0AB0M0C1E,SUCCESS,796
1692CA0L0AB0M1C1E,SUCCESS,896
1692CA0L0AB1M0C1E,SUCCESS,896
1692CA0L0AB1M1C1E,SUCCESS,1095
1692CA1L0AB0M0C1E,SUCCESS,697
1692CA1L0AB0M1C1E,SUCCESS,797
1692CA1L0AB1M0C1E,SUCCESS,797
1692CA1L0AB1M1C1E,SUCCESS,996
1692CA0L0AB0M0C0F,SUCCESS,697
1692CA0L0AB0M1C0F,SUCCESS,797
1692CA0L0AB1M0C0F,SUCCESS,797
1692CA0L0AB1M1C0F,SUCCESS,996
1692CA0L0AB0M0C1F,SUCCESS,796
1692CA0L0AB0M1C1F,SUCCESS,896
1692CA0L0AB1M0C1F,SUCCESS,896
1692CA0L0AB1M1C1F,SUCCESS,1095
1692CA1L0AB0M0C1F,SUCCESS,699
1692CA1L0AB0M1C1F,SUCCESS,799
1692CA1L0AB1M0C1F,SUCCESS,799
1692CA1L0AB1M1C1F,SUCCESS,999
1709CA0L0AB0M0C0E,SUCCESS,704
1709CA0L0AB0M1C0E,SUCCESS,805
1709CA0L0AB1M0C0E,SUCCESS,805
1709CA0L0AB1M1C0E,SUCCESS,1006
1709CA0L0AB0M0C1E,SUCCESS,804
1709CA0L0AB0M1C1E,SUCCESS,905
1709CA0L0AB1M0C1E,SUCCESS,905
1709CA0L0AB1M1C1E,SUCCESS,1106
1709CA1L0AB0M0C1E,SUCCESS,704
1709CA1L0AB0M1C1E,SUCCESS,805
1709CA1L0AB1M0C1E,SUCCESS,805
2048CA1L1AB1M0C1F,SUCCESS,969
4096CA1L1AB1M0C1F,SUCCESS,1937
